symbol,name,current_ind,csv_ind,source
2330,台積電,半導體業,24,L
2454,聯發科,半導體業,24,L
2308,台達電,綜合,28,L
2317,鴻海,運動休閒,31,L
3711,日月光投控,半導體業,24,L
2303,聯電,半導體業,24,L
2383,台光電,綜合,28,L
2327,國巨*,綜合,28,L
2881,富邦金,通訊網路業,17,L
2408,南亞科,半導體業,24,L
2382,廣達,金融保險,25,L
1303,南亞,塑膠工業,03,L
2882,國泰金,通訊網路業,17,L
3037,欣興,綜合,28,L
2345,智邦,油電燃氣業,27,L
2891,中信金,通訊網路業,17,L
7769,鴻勁,半導體業,24,L
2412,中華電,油電燃氣業,27,L
6669,緯穎,金融保險,25,L
3017,奇鋐,金融保險,25,L
2887,台新新光金,通訊網路業,17,L
2885,元大金,通訊網路業,17,L
2344,華邦電,半導體業,24,L
2059,川湖,綜合,28,L
8046,南電,綜合,28,L
2360,致茂,運動休閒,31,L
2886,兆豐金,通訊網路業,17,L
4958,臻鼎-KY,綜合,28,L
2890,永豐金,通訊網路業,17,L
3443,創意,半導體業,24,L
2884,玉山金,通訊網路業,17,L
6505,台塑化,航運業,23,L
2368,金像電,綜合,28,L
2880,華南金,通訊網路業,17,L
3481,群創,貿易百貨,26,L
3008,大立光,貿易百貨,26,L
2883,凱基金,通訊網路業,17,L
2357,華碩,金融保險,25,L
2301,光寶科,金融保險,25,L
6446,藥華藥,建材營造,22,L
2892,第一金,通訊網路業,17,L
3653,健策,綜合,28,L
2395,研華,金融保險,25,L
3231,緯創,金融保險,25,L
1216,統一,食品工業,02,L
2379,瑞昱,半導體業,24,L
2603,長榮,電腦及週邊設備業,15,L
3189,景碩,半導體業,24,L
3045,台灣大,油電燃氣業,27,L
5880,合庫金,通訊網路業,17,L
2449,京元電子,半導體業,24,L
3665,貿聯-KY,運動休閒,31,L
3661,世芯-KY,半導體業,24,L
1326,台化,塑膠工業,03,L
1301,台塑,塑膠工業,03,L
4904,遠傳,油電燃氣業,27,L
6770,力積電,半導體業,24,L
3034,聯詠,半導體業,24,L
2002,中鋼,造紙工業,10,L
2337,旺宏,半導體業,24,L
2801,彰銀,通訊網路業,17,L
6515,穎崴,半導體業,24,L
3036,文曄,綠能環保,29,L
2313,華通,綜合,28,L
2207,和泰車,橡膠工業,12,L
1590,亞德客-KY,電機機械,05,L
2912,統一超,電子零組件業,18,L
2356,英業達,金融保險,25,L
6239,力成,半導體業,24,L
2409,友達,貿易百貨,26,L
3044,健鼎,綜合,28,L
2404,漢唐,運動休閒,31,L
1519,華城,電機機械,05,L
2492,華新科,綜合,28,L
2615,萬海,電腦及週邊設備業,15,L
2376,技嘉,金融保險,25,L
4938,和碩,金融保險,25,L
3533,嘉澤,綜合,28,L
2618,長榮航,電腦及週邊設備業,15,L
5876,上海商銀,通訊網路業,17,L
6139,亞翔,運動休閒,31,L
6415,矽力*-KY,半導體業,24,L
5871,中租-KY,資訊服務業,20,L
1802,台玻,生技醫療業,08,L
2609,陽明,電腦及週邊設備業,15,L
3702,大聯大,綠能環保,29,L
2834,臺企銀,通訊網路業,17,L
1101,台泥,水泥工業,01,L
6919,康霈*,建材營造,22,L
3026,禾伸堂,綜合,28,L
3532,台勝科,半導體業,24,L
6789,采鈺,半導體業,24,L
2324,仁寶,金融保險,25,L
1504,東元,電機機械,05,L
1605,華新,電器電纜,06,L
2633,台灣高鐵,電腦及週邊設備業,15,L
6531,愛普*,半導體業,24,L
7750,新代,電機機械,05,L
2347,聯強,綠能環保,29,L
8210,勤誠,金融保險,25,L
1402,遠東新,紡織纖維,04,L
6213,聯茂,綜合,28,L
2610,華航,電腦及週邊設備業,15,L
7610,聯友金屬-創,其他等,35,L
1102,亞泥,水泥工業,01,L
910322,康師傅-DR,其他等,91,L
6285,啟碁,油電燃氣業,27,L
2812,台中銀,通訊網路業,17,L
2377,微星,金融保險,25,L
6196,帆宣,運動休閒,31,L
6442,光聖,油電燃氣業,27,L
6257,矽格,半導體業,24,L
3706,神達,金融保險,25,L
2049,上銀,電機機械,05,L
1503,士電,電機機械,05,L
8996,高力,電機機械,05,L
5269,祥碩,半導體業,24,L
2451,創見,半導體業,24,L
6526,達發,半導體業,24,L
1560,中砂,電機機械,05,L
8464,億豐,其他等,38,L
2474,可成,運動休閒,31,L
2105,正新,鋼鐵工業,11,L
2027,大成鋼,造紙工業,10,L
2838,聯邦銀,通訊網路業,17,L
6805,富世達,綜合,28,L
2353,宏碁,金融保險,25,L
5434,崇越,綠能環保,29,L
6409,旭隼,運動休閒,31,L
6781,AES-KY,綜合,28,L
2542,興富發,半導體業,14,L
1476,儒鴻,紡織纖維,04,L
9105,泰金寶-DR,其他等,91,L
2645,長榮航太,電腦及週邊設備業,15,L
2467,志聖,綜合,28,L
1717,長興,其他電子業,21,L
6691,洋基工程,運動休閒,31,L
1513,中興電,電機機械,05,L
8150,南茂,半導體業,24,L
3090,日電貿,綜合,28,L
2441,超豐,半導體業,24,L
2385,群光,綜合,28,L
2481,強茂,半導體業,24,L
2855,統一證,通訊網路業,17,L
2354,鴻準,運動休閒,31,L
6005,群益證,通訊網路業,17,L
3023,信邦,綜合,28,L
6944,兆聯實業,其他等,35,L
8021,尖點,運動休閒,31,L
9945,潤泰新,資訊服務業,20,L
3450,聯鈞,半導體業,24,L
1229,聯華,食品工業,02,L
9904,寶成,其他等,37,L
8454,富邦媒,其他等,36,L
3006,晶豪科,半導體業,24,L
3030,德律,運動休閒,31,L
3005,神基,金融保險,25,L
3406,玉晶光,貿易百貨,26,L
7799,禾榮科,建材營造,22,L
3042,晶技,綜合,28,L
3167,大量,電機機械,05,L
4919,新唐,半導體業,24,L
9910,豐泰,其他等,37,L
3583,辛耘,半導體業,24,L
2845,遠東銀,通訊網路業,17,L
2646,星宇航空,電腦及週邊設備業,15,L
8926,台汽電,航運業,23,L
2637,慧洋-KY,電腦及週邊設備業,15,L
2472,立隆電,綜合,28,L
2455,全新,油電燃氣業,27,L
2486,一詮,貿易百貨,26,L
2371,大同,電機機械,05,L
6451,訊芯-KY,半導體業,24,L
6278,台表科,貿易百貨,26,L
6414,樺漢,金融保險,25,L
2915,潤泰全,電子零組件業,18,L
2889,國票金,通訊網路業,17,L
3035,智原,半導體業,24,L
8028,昇陽半導體,半導體業,24,L
2458,義隆,半導體業,24,L
2258,鴻華先進-創,橡膠工業,12,L
1477,聚陽,紡織纖維,04,L
2634,漢翔,電腦及週邊設備業,15,L
1795,美時,建材營造,22,L
6472,保瑞,建材營造,22,L
2606,裕民,電腦及週邊設備業,15,L
6831,邁科,金融保險,25,L
6271,同欣電,半導體業,24,L
2597,潤弘,半導體業,14,L
1773,勝一,其他電子業,21,L
2352,佳世達,金融保險,25,L
6890,來億-KY,其他等,37,L
2006,東和鋼鐵,造紙工業,10,L
2312,金寶,運動休閒,31,L
1210,大成,食品工業,02,L
5522,遠雄,半導體業,14,L
6191,精成科,綜合,28,L
2540,愛山林,半導體業,14,L
2206,三陽工業,橡膠工業,12,L
6282,康舒,綜合,28,L
6116,彩晶,貿易百貨,26,L
4583,台灣精銳,電機機械,05,L
9917,中保科,資訊服務業,20,L
2923,鼎固-KY,半導體業,14,L
4763,材料*-KY,其他電子業,21,L
3714,富采,貿易百貨,26,L
2539,櫻花建,半導體業,14,L
9941,裕融,資訊服務業,20,L
1722,台肥,其他電子業,21,L
3563,牧德,貿易百貨,26,L
1907,永豐餘,玻璃陶瓷,09,L
7822,倍利科,半導體業,24,L
2850,新產,通訊網路業,17,L
1319,東陽,橡膠工業,12,L
8112,至上,綠能環保,29,L
6197,佳必琪,綜合,28,L
8016,矽創,半導體業,24,L
7795,長廣,綜合,28,L
1409,新纖,紡織纖維,04,L
3715,定穎投控,綜合,28,L
3596,智易,油電燃氣業,27,L
2428,興勤,綜合,28,L
4766,南寶,其他電子業,21,L
2421,建準,綜合,28,L
2388,威盛,半導體業,24,L
8039,台虹,綜合,28,L
3019,亞光,貿易百貨,26,L
1736,喬山,其他等,37,L
2211,長榮鋼,造紙工業,10,L
5469,瀚宇博,綜合,28,L
5234,達興材料,貿易百貨,26,L
6214,精誠,數位雲端,30,L
9933,中鼎,資訊服務業,20,L
8261,富鼎,半導體業,24,L
8070,長華*,綠能環保,29,L
2316,楠梓電,綜合,28,L
3376,新日興,綜合,28,L
2504,國產,半導體業,14,L
2498,宏達電,油電燃氣業,27,L
8033,雷虎,資訊服務業,20,L
3413,京鼎,半導體業,24,L
6592,和潤企業,資訊服務業,20,L
8422,可寧衛*,其他等,35,L
6670,復盛應用,其他等,37,L
2351,順德,半導體業,24,L
2367,燿華,綜合,28,L
9939,宏全,資訊服務業,20,L
2015,豐興,造紙工業,10,L
6412,群電,綜合,28,L
3016,嘉晶,半導體業,24,L
2493,揚博,綜合,28,L
2329,華泰,半導體業,24,L
2363,矽統,半導體業,24,L
1314,中石化,塑膠工業,03,L
8131,福懋科,半導體業,24,L
1514,亞力,電機機械,05,L
2464,盟立,運動休閒,31,L
4585,達明,運動休閒,31,L
1215,卜蜂,食品工業,02,L
4915,致伸,綜合,28,L
6449,鈺邦,綜合,28,L
2548,華固,半導體業,14,L
3673,TPK-KY,貿易百貨,26,L
2204,中華,橡膠工業,12,L
2903,遠百,電子零組件業,18,L
2393,億光,貿易百貨,26,L
1609,大亞,電器電纜,06,L
3010,華立,綠能環保,29,L
2201,裕隆,橡膠工業,12,L
2851,中再保,通訊網路業,17,L
1434,福懋,紡織纖維,04,L
2897,王道銀行,通訊網路業,17,L
6166,凌華,金融保險,25,L
6491,晶碩,建材營造,22,L
9958,世紀鋼,造紙工業,10,L
4764,雙鍵,其他電子業,21,L
2849,安泰銀,通訊網路業,17,L
9921,巨大,其他等,37,L
6579,研揚,金融保險,25,L
2072,世紀風電,其他等,35,L
2476,鉅祥,綜合,28,L
6719,力智,半導體業,24,L
2501,國建,半導體業,14,L
1227,佳格,食品工業,02,L
2362,藍天,金融保險,25,L
1808,潤隆,半導體業,14,L
6757,台灣虎航,電腦及週邊設備業,15,L
3576,聯合再生,貿易百貨,26,L
4551,智伸科,橡膠工業,12,L
4722,國精化,其他電子業,21,L
6715,嘉基,綜合,28,L
8110,華東,半導體業,24,L
4576,大銀微系統,電機機械,05,L
3515,華擎,金融保險,25,L
1904,正隆,玻璃陶瓷,09,L
7827,漢康-KY創,建材營造,22,L
1231,聯華食,食品工業,02,L
5388,中磊,油電燃氣業,27,L
6525,捷敏-KY,半導體業,24,L
2023,燁輝,造紙工業,10,L
2374,佳能,貿易百貨,26,L
2478,大毅,綜合,28,L
2208,台船,電腦及週邊設備業,15,L
2328,廣宇,綜合,28,L
5534,長虹,半導體業,14,L
2101,南港,鋼鐵工業,11,L
2607,榮運,電腦及週邊設備業,15,L
2014,中鴻,造紙工業,10,L
7768,頌勝科技,半導體業,24,L
8081,致新,半導體業,24,L
6672,騰輝電子-KY,綜合,28,L
2535,達欣工,半導體業,14,L
1718,中纖,其他電子業,21,L
6456,GIS-KY,貿易百貨,26,L
9907,統一實,資訊服務業,20,L
3033,威健,綠能環保,29,L
2359,所羅門,運動休閒,31,L
8271,宇瞻,半導體業,24,L
1711,永光,其他電子業,21,L
2489,瑞軒,貿易百貨,26,L
7786,東方風能,其他等,35,L
1232,大統益,食品工業,02,L
3014,聯陽,半導體業,24,L
3617,碩天,運動休閒,31,L
2707,晶華,光電業,16,L
2836,高雄銀,通訊網路業,17,L
2820,華票,通訊網路業,17,L
2439,美律,油電燃氣業,27,L
2515,中工,半導體業,14,L
6830,汎銓,運動休閒,31,L
1440,南紡,紡織纖維,04,L
7711,永擎,金融保險,25,L
7722,LINEPAY,其他等,36,L
9914,美利達,其他等,37,L
2426,鼎元,貿易百貨,26,L
1608,華榮,電器電纜,06,L
2520,冠德,半導體業,14,L
6177,達麗,半導體業,14,L
4961,天鈺,半導體業,24,L
3013,晟銘電,金融保險,25,L
6605,帝寶,橡膠工業,12,L
3592,瑞鼎,半導體業,24,L
2543,皇昌,半導體業,14,L
2375,凱美,綜合,28,L
3149,正達,貿易百貨,26,L
6269,台郡,綜合,28,L
2355,敬鵬,綜合,28,L
1419,新紡,紡織纖維,04,L
1723,中碳,其他電子業,21,L
7788,松川精密,綜合,28,L
2727,王品,光電業,16,L
2402,毅嘉,綜合,28,L
4967,十銓,半導體業,24,L
2401,凌陽,半導體業,24,L
5607,遠雄港,電腦及週邊設備業,15,L
2103,台橡,鋼鐵工業,11,L
2392,正崴,綜合,28,L
3704,合勤控,油電燃氣業,27,L
6206,飛捷,金融保險,25,L
2247,汎德永業,橡膠工業,12,L
7749,意騰-KY,半導體業,24,L
1104,環泥,水泥工業,01,L
9911,櫻花,其他等,38,L
3305,昇貿,運動休閒,31,L
3380,明泰,油電燃氣業,27,L
3055,蔚華科,綠能環保,29,L
4169,泰宗,建材營造,22,L
3028,增你強,綠能環保,29,L
2605,新興,電腦及週邊設備業,15,L
6962,奕力-KY,半導體業,24,L
6901,鑽石投資,資訊服務業,20,L
2338,光罩,半導體業,24,L
6937,天虹,半導體業,24,L
5284,jpp-KY,資訊服務業,20,L
4906,正文,油電燃氣業,27,L
4770,上品,其他電子業,21,L
1905,華紙,玻璃陶瓷,09,L
6753,龍德造船,電腦及週邊設備業,15,L
3029,零壹,數位雲端,30,L
9937,全國,航運業,23,L
1714,和桐,其他電子業,21,L
2905,三商,電子零組件業,18,L
2466,冠西電,貿易百貨,26,L
2480,敦陽科,數位雲端,30,L
3703,欣陸,半導體業,14,L
6202,盛群,半導體業,24,L
2704,國賓,光電業,16,L
1712,興農,其他電子業,21,L
1313,聯成,塑膠工業,03,L
2106,建大,鋼鐵工業,11,L
2530,華建,半導體業,14,L
5243,乙盛-KY,貿易百貨,26,L
5007,三星,造紙工業,10,L
1789,神隆,建材營造,22,L
3048,益登,綠能環保,29,L
2369,菱生,半導體業,24,L
6024,群益期,通訊網路業,17,L
6443,元晶,貿易百貨,26,L
2340,台亞,半導體業,24,L
9925,新保,資訊服務業,20,L
3605,宏致,綜合,28,L
1304,台聚,塑膠工業,03,L
2485,兆赫,油電燃氣業,27,L
9930,中聯資源,其他等,35,L
3022,威強電,金融保險,25,L
8114,振樺電,金融保險,25,L
4536,拓凱,其他等,37,L
3135,凌航,半導體業,24,L
9908,大台北,航運業,23,L
1536,和大,橡膠工業,12,L
2233,宇隆,橡膠工業,12,L
2231,為升,橡膠工業,12,L
9802,鈺齊-KY,其他等,37,L
9136,巨騰-DR,其他等,91,L
2227,裕日車,橡膠工業,12,L
1623,大東電,電器電纜,06,L
1312,國喬,塑膠工業,03,L
6589,台康生技,建材營造,22,L
1708,東鹼,其他電子業,21,L
3416,融程電,金融保險,25,L
6209,今國光,貿易百貨,26,L
3705,永信,建材營造,22,L
1710,東聯,其他電子業,21,L
9940,信義,資訊服務業,20,L
7780,大研生醫*,食品工業,02,L
2332,友訊,油電燃氣業,27,L
8478,東哥遊艇,其他等,37,L
2484,希華,綜合,28,L
2495,普安,金融保險,25,L
3059,華晶科,貿易百貨,26,L
2832,台產,通訊網路業,17,L
6768,志強-KY,其他等,37,L
2108,南帝,鋼鐵工業,11,L
3209,全科,綠能環保,29,L
2010,春源,造紙工業,10,L
2511,太子,半導體業,14,L
2608,嘉里大榮,電腦及週邊設備業,15,L
9938,百和,資訊服務業,20,L
2009,第一銅,造紙工業,10,L
1909,榮成,玻璃陶瓷,09,L
2731,雄獅,光電業,16,L
1707,葡萄王,建材營造,22,L
6183,關貿,數位雲端,30,L
4960,誠美材,貿易百貨,26,L
2406,國碩,貿易百貨,26,L
2436,偉詮電,半導體業,24,L
4916,事欣科,金融保險,25,L
6854,錼創科技-KY創,半導體業,24,L
1234,黑松,食品工業,02,L
6189,豐藝,綠能環保,29,L
4755,三福化,其他電子業,21,L
5288,豐祥-KY,電機機械,05,L
2545,皇翔,半導體業,14,L
4104,佳醫,建材營造,22,L
6782,視陽,建材營造,22,L
2524,京城,半導體業,14,L
4441,振大環球,紡織纖維,04,L
4532,瑞智,電機機械,05,L
3545,敦泰,半導體業,24,L
1307,三芳,塑膠工業,03,L
8462,柏文,其他等,37,L
1726,永記,其他電子業,21,L
2373,震旦行,運動休閒,31,L
1903,士紙,玻璃陶瓷,09,L
2617,台航,電腦及週邊設備業,15,L
4989,榮科,綜合,28,L
4977,眾達-KY,油電燃氣業,27,L
6153,嘉聯益,綜合,28,L
6965,中傑-KY,其他等,37,L
4771,望隼,建材營造,22,L
1597,直得,電機機械,05,L
6873,泓德能源,其他等,35,L
4739,康普,其他電子業,21,L
6438,迅得,運動休閒,31,L
2031,新光鋼,造紙工業,10,L
8499,鼎炫-KY,運動休閒,31,L
6861,睿生光電,建材營造,22,L
2323,中環,貿易百貨,26,L
2723,美食-KY,光電業,16,L
2546,根基,半導體業,14,L
3015,全漢,綜合,28,L
4736,泰博,建材營造,22,L
2547,日勝生,半導體業,14,L
6581,鋼聯,其他等,35,L
2457,飛宏,綜合,28,L
7818,溢泰實業,其他等,35,L
2753,八方雲集,光電業,16,L
1709,和益,其他電子業,21,L
1727,中華化,其他電子業,21,L
6550,北極星藥業-KY,建材營造,22,L
6957,裕慶-KY,資訊服務業,20,L
2423,固緯,運動休閒,31,L
6192,巨路,運動休閒,31,L
2348,海悅,資訊服務業,20,L
2527,宏璟,半導體業,14,L
6834,天二科技,綜合,28,L
2331,精英,金融保險,25,L
1582,信錦,綜合,28,L
1720,生達,建材營造,22,L
5471,松翰,半導體業,24,L
3645,達邁,綜合,28,L
2630,亞航,電腦及週邊設備業,15,L
5222,全訊,半導體業,24,L
1103,嘉泥,水泥工業,01,L
2908,特力,電子零組件業,18,L
2236,百達-KY,橡膠工業,12,L
6706,惠特,貿易百貨,26,L
5306,桂盟,其他等,37,L
2034,允強,造紙工業,10,L
6790,永豐實,玻璃陶瓷,09,L
4927,泰鼎-KY,綜合,28,L
6541,泰福-KY,建材營造,22,L
2612,中航,電腦及週邊設備業,15,L
6230,尼得科超眾,金融保險,25,L
1612,宏泰,電器電纜,06,L
4306,炎洲,塑膠工業,03,L
1442,名軒,半導體業,14,L
8163,達方,金融保險,25,L
1203,味王,食品工業,02,L
1537,廣隆,電機機械,05,L
2104,國際中橡,鋼鐵工業,11,L
3003,健和興,綜合,28,L
4968,立積,半導體業,24,L
3312,弘憶股,綠能環保,29,L
3049,精金,貿易百貨,26,L
3694,海華,油電燃氣業,27,L
2636,台驊控股,電腦及週邊設備業,15,L
6464,台數科,資訊服務業,20,L
9942,茂順,資訊服務業,20,L
2414,精技,綠能環保,29,L
8341,日友,其他等,35,L
3004,豐達科,造紙工業,10,L
3701,大眾控,金融保險,25,L
6869,雲豹能源,其他等,35,L
3708,上緯投控,其他等,35,L
5285,界霖,半導體業,24,L
2528,皇普,半導體業,14,L
1532,勤美,電機機械,05,L
6533,晶心科,半導體業,24,L
8374,羅昇,電機機械,05,L
4526,東台,電機機械,05,L
1702,南僑,食品工業,02,L
6534,正瀚-創,建材營造,22,L
6655,科定,資訊服務業,20,L
6914,阜爾運通,資訊服務業,20,L
6215,和椿,運動休閒,31,L
1522,堤維西,橡膠工業,12,L
3504,揚明光,貿易百貨,26,L
2913,農林,電子零組件業,18,L
2420,新巨,綜合,28,L
2762,世界健身-KY,其他等,37,L
8213,志超,綜合,28,L
3032,偉訓,綜合,28,L
1615,大山,電器電纜,06,L
8215,明基材,貿易百貨,26,L
6862,三集瑞-KY,綜合,28,L
2102,泰豐,鋼鐵工業,11,L
7765,中華資安,其他等,36,L
1604,聲寶,電器電纜,06,L
6585,鼎基,資訊服務業,20,L
2419,仲琦,油電燃氣業,27,L
1110,東泥,水泥工業,01,L
2349,錸德,貿易百貨,26,L
9926,新海,航運業,23,L
4571,鈞興-KY,電機機械,05,L
1436,華友聯,半導體業,14,L
2399,映泰,金融保險,25,L
1308,亞聚,塑膠工業,03,L
1614,三洋電,電器電纜,06,L
6115,鎰勝,綜合,28,L
6120,達運,貿易百貨,26,L
1342,八貫,資訊服務業,20,L
6235,華孚,金融保險,25,L
3622,洋華,貿易百貨,26,L
6277,宏正,金融保險,25,L
1218,泰山,食品工業,02,L
2465,麗臺,金融保險,25,L
6112,邁達特,數位雲端,30,L
5515,建國,半導體業,14,L
2013,中鋼構,造紙工業,10,L
8473,山林水,其他等,35,L
3535,晶彩科,貿易百貨,26,L
9927,泰銘,資訊服務業,20,L
1444,力麗,紡織纖維,04,L
1809,中釉,生技醫療業,08,L
5292,華懋,其他等,35,L
2852,第一保,通訊網路業,17,L
4137,麗豐-KY,建材營造,22,L
2497,怡利電,橡膠工業,12,L
3062,建漢,油電燃氣業,27,L
9918,欣天然,航運業,23,L
7740,熙特爾-創,其他等,35,L
2534,宏盛,半導體業,14,L
2387,精元,金融保險,25,L
2107,厚生,鋼鐵工業,11,L
5531,鄉林,半導體業,14,L
2342,茂矽,半導體業,24,L
2302,麗正,半導體業,24,L
2816,旺旺保,通訊網路業,17,L
1447,力鵬,紡織纖維,04,L
4142,國光生,建材營造,22,L
5519,隆大,半導體業,14,L
1618,合機,電器電纜,06,L
1305,華夏,塑膠工業,03,L
2450,神腦,油電燃氣業,27,L
2305,全友,金融保險,25,L
2483,百容,綜合,28,L
3130,一零四,其他等,36,L
1515,力山,電機機械,05,L
1713,國化,其他電子業,21,L
6426,統新,油電燃氣業,27,L
6416,瑞祺電通,油電燃氣業,27,L
8103,瀚荃,綜合,28,L
1810,和成,生技醫療業,08,L
2365,昆盈,金融保險,25,L
910861,神州-DR,其他等,91,L
1321,大洋,塑膠工業,03,L
3056,富華新,半導體業,14,L
2417,圓剛,金融保險,25,L
1256,鮮活果汁-KY,食品工業,02,L
8404,百和興業-KY,資訊服務業,20,L
2114,鑫永銓,鋼鐵工業,11,L
6756,威鋒電子,半導體業,24,L
4438,廣越,紡織纖維,04,L
5525,順天,半導體業,14,L
6863,永道-KY,油電燃氣業,27,L
3679,新至陞,綜合,28,L
6923,中台,其他等,35,L
4540,全球傳動,電機機械,05,L
4566,時碩工業,電機機械,05,L
2505,國揚,半導體業,14,L
2228,劍麟,橡膠工業,12,L
1225,福懋油,食品工業,02,L
6184,大豐電,資訊服務業,20,L
1235,興泰,食品工業,02,L
6958,日盛台駿,資訊服務業,20,L
7730,暉盛-創,半導體業,24,L
2459,敦吉,運動休閒,31,L
6117,迎廣,金融保險,25,L
2397,友通,金融保險,25,L
6933,AMAX-KY,金融保險,25,L
2029,盛餘,造紙工業,10,L
9943,好樂迪,光電業,16,L
5538,東明-KY,造紙工業,10,L
3528,安馳,綠能環保,29,L
4746,台耀,建材營造,22,L
2601,益航,電腦及週邊設備業,15,L
8438,昶昕,其他等,35,L
6658,聯策,運動休閒,31,L
2536,宏普,半導體業,14,L
9946,三發地產,半導體業,14,L
8249,菱光,綜合,28,L
6155,鈞寶,綜合,28,L
6224,聚鼎,綜合,28,L
1737,臺鹽,食品工業,02,L
912000,晨訊科-DR,其他等,91,L
1315,達新,塑膠工業,03,L
1201,味全,食品工業,02,L
1734,杏輝,建材營造,22,L
4952,凌通,半導體業,24,L
2706,第一店,光電業,16,L
2442,新美齊,半導體業,14,L
1437,勤益控,資訊服務業,20,L
9905,大華,資訊服務業,20,L
1535,中宇,電機機械,05,L
1603,華電,電器電纜,06,L
3338,泰碩,綜合,28,L
2433,互盛電,運動休閒,31,L
4994,傳奇,數位雲端,30,L
9924,福興,其他等,38,L
2405,輔信,金融保險,25,L
1558,伸興,電機機械,05,L
2614,東森,資訊服務業,20,L
3138,耀登,油電燃氣業,27,L
6168,宏齊,貿易百貨,26,L
4572,駐龍,電機機械,05,L
5225,東科-KY,運動休閒,31,L
5258,虹堡,金融保險,25,L
2460,建通,綜合,28,L
4912,聯德控股-KY,綜合,28,L
1309,台達化,塑膠工業,03,L
2413,環科,綜合,28,L
1725,元禎,其他電子業,21,L
2020,美亞,造紙工業,10,L
6695,芯鼎,半導體業,24,L
6205,詮欣,綜合,28,L
2008,高興昌,造紙工業,10,L
5608,四維航,電腦及週邊設備業,15,L
4164,承業醫,建材營造,22,L
8045,達運光電,油電燃氣業,27,L
8467,波力-KY,其他等,37,L
1108,幸福,水泥工業,01,L
1310,台苯,塑膠工業,03,L
4119,旭富,建材營造,22,L
4976,佳凌,貿易百貨,26,L
5203,訊連,數位雲端,30,L
2453,凌群,數位雲端,30,L
8162,微矽電子-創,半導體業,24,L
7736,虎山,橡膠工業,12,L
4949,有成精密,貿易百貨,26,L
3031,佰鴻,貿易百貨,26,L
1760,寶齡富錦,建材營造,22,L
1583,程泰,電機機械,05,L
4942,嘉彰,貿易百貨,26,L
3717,聯嘉投控,橡膠工業,12,L
3716,中化控股,建材營造,22,L
6794,向榮生技,建材營造,22,L
5521,工信,半導體業,14,L
2028,威致,造紙工業,10,L
6281,全國電,綠能環保,29,L
8482,商億-KY,其他等,38,L
4569,六方科-KY,橡膠工業,12,L
3257,虹冠電,半導體業,24,L
3054,立萬利,綠能環保,29,L
2514,龍邦,資訊服務業,20,L
3060,銘異,金融保險,25,L
6776,展碁國際,綠能環保,29,L
3530,晶相光,半導體業,24,L
1109,信大,水泥工業,01,L
2427,三商電,數位雲端,30,L
7821,神數,橡膠工業,12,L
2030,彰源,造紙工業,10,L
7791,皇家可口,食品工業,02,L
1460,宏遠,紡織纖維,04,L
4590,富田-創,電機機械,05,L
1455,集盛,紡織纖維,04,L
1217,愛之味,食品工業,02,L
6477,安集,貿易百貨,26,L
1525,江申,橡膠工業,12,L
6902,GOGOLOOK,其他等,36,L
2701,萬企,光電業,16,L
3501,維熹,綜合,28,L
2012,春雨,造紙工業,10,L
3266,昇陽,半導體業,14,L
1524,耿鼎,橡膠工業,12,L
4935,茂林-KY,貿易百貨,26,L
1472,三洋實業,半導體業,14,L
5283,禾聯碩,電器電纜,06,L
1527,鑽全,電機機械,05,L
6743,安普新,運動休閒,31,L
6928,攸泰科技,金融保險,25,L
6625,必應,資訊服務業,20,L
4564,元翎,電機機械,05,L
2241,艾姆勒,橡膠工業,12,L
1464,得力,紡織纖維,04,L
1457,宜進,紡織纖維,04,L
4737,華廣,建材營造,22,L
6141,柏承,綜合,28,L
2538,基泰,半導體業,14,L
1721,國慶科技,其他電子業,21,L
3046,建碁,金融保險,25,L
6689,伊雲谷,其他等,36,L
1528,恩德,電機機械,05,L
6799,來頡,半導體業,24,L
6201,亞弘電,運動休閒,31,L
8104,錸寶,貿易百貨,26,L
1611,中電,電器電纜,06,L
3712,永崴投控,金融保險,25,L
9934,成霖,其他等,38,L
1616,億泰,電器電纜,06,L
3051,力特,貿易百貨,26,L
1786,科妍,建材營造,22,L
2748,雲品,光電業,16,L
1219,福壽,食品工業,02,L
1316,上曜,半導體業,14,L
3588,通嘉,半導體業,24,L
2109,華豐,鋼鐵工業,11,L
4178,永笙-KY,建材營造,22,L
1435,中福,資訊服務業,20,L
2017,官田鋼,造紙工業,10,L
6742,澤米,貿易百貨,26,L
6668,中揚光,貿易百貨,26,L
9931,欣高,航運業,23,L
5706,鳳凰,光電業,16,L
8476,台境*,其他等,35,L
1617,榮星,電器電纜,06,L
2243,宏旭-KY,橡膠工業,12,L
7721,微程式,其他等,36,L
2910,統領,電子零組件業,18,L
6165,浪凡,其他等,36,L
4934,太極,貿易百貨,26,L
2007,燁興,造紙工業,10,L
2488,漢平,運動休閒,31,L
5533,皇鼎,半導體業,14,L
2425,承啟,金融保險,25,L
2062,橋椿,其他等,38,L
4439,冠星-KY,紡織纖維,04,L
1414,東和,紡織纖維,04,L
3047,訊舟,油電燃氣業,27,L
8367,建新國際,電腦及週邊設備業,15,L
6142,友勁,油電燃氣業,27,L
3041,揚智,半導體業,24,L
2429,銘旺科,貿易百貨,26,L
3543,州巧,貿易百貨,26,L
1423,利華,紡織纖維,04,L
4956,光鋐,貿易百貨,26,L
6838,台新藥,建材營造,22,L
6405,悅城,貿易百貨,26,L
9906,欣巴巴,半導體業,14,L
3311,閎暉,油電燃氣業,27,L
1533,車王電,橡膠工業,12,L
6951,青新-創,其他等,35,L
1783,和康生,建材營造,22,L
2364,倫飛,金融保險,25,L
1443,立益物流,資訊服務業,20,L
6582,申豐,鋼鐵工業,11,L
6283,淳安,運動休閒,31,L
6909,創控,半導體業,24,L
2415,錩新,綜合,28,L
2462,良得電,綜合,28,L
2506,太設,半導體業,14,L
3038,全台,貿易百貨,26,L
3024,憶聲,貿易百貨,26,L
1451,年興,紡織纖維,04,L
1598,岱宇,其他等,37,L
4555,氣立,電機機械,05,L
3025,星通,油電燃氣業,27,L
1568,倉佑,橡膠工業,12,L
2477,美隆電,運動休閒,31,L
1529,樂事綠能,電機機械,05,L
2537,聯上發,半導體業,14,L
3094,聯傑,半導體業,24,L
1339,昭輝,橡膠工業,12,L
2461,光群雷,運動休閒,31,L
3168,眾福科,貿易百貨,26,L
5484,慧友,貿易百貨,26,L
1806,冠軍,生技醫療業,08,L
9935,慶豐富,其他等,38,L
2722,夏都,光電業,16,L
1730,花仙子,其他電子業,21,L
3669,圓展,油電燃氣業,27,L
2613,中櫃,電腦及週邊設備業,15,L
6614,資拓宏宇,其他等,36,L
1752,南光,建材營造,22,L
8463,潤泰材,資訊服務業,20,L
00675L,富邦臺灣加權正2,其他等,,none
3346,麗清,橡膠工業,12,L
8442,威宏-KY,資訊服務業,20,L
1506,正道,電機機械,05,L
6657,華安,建材營造,22,L
2739,寒舍,光電業,16,L
6722,輝創,運動休閒,31,L
1463,強盛新,紡織纖維,04,L
7631,聚賢研發-創,運動休閒,31,L
2705,六福,光電業,16,L
2516,新建,半導體業,14,L
6226,光鼎,貿易百貨,26,L
3092,鴻碩,綜合,28,L
6994,富威電力,其他等,35,L
3518,柏騰,運動休閒,31,L
3550,聯穎,綜合,28,L
1733,五鼎,建材營造,22,L
2069,運錩,造紙工業,10,L
2491,吉祥全,貿易百貨,26,L
3437,榮創,貿易百貨,26,L
4562,穎漢,電機機械,05,L
7823,奧義賽博-KY創,其他等,36,L
6792,詠業,油電燃氣業,27,L
1473,台南,紡織纖維,04,L
4545,銘鈺,綜合,28,L
2509,全坤建,半導體業,14,L
1762,中化生,建材營造,22,L
2906,高林,電子零組件業,18,L
6885,全福生技,建材營造,22,L
8011,台通,油電燃氣業,27,L
6955,邦睿生技-創,建材營造,22,L
6133,金橋,綜合,28,L
6108,競國,綜合,28,L
3447,展達,油電燃氣業,27,L
6934,心誠鎂,建材營造,22,L
1817,凱撒衛,生技醫療業,08,L
8481,政伸,資訊服務業,20,L
2248,華勝-KY,橡膠工業,12,L
6558,興能高,運動休閒,31,L
2945,三商家購,電子零組件業,18,L
6136,富爾特,油電燃氣業,27,L
9103,美德醫療-DR,其他等,91,L
6606,建德工業,電機機械,05,L
2611,志信,電腦及週邊設備業,15,L
6906,現觀科,其他等,36,L
1731,美吾華,建材營造,22,L
8222,寶一,電機機械,05,L
6754,匯僑設計,其他等,38,L
9955,佳龍,其他等,35,L
9110,越南控-DR,其他等,91,L
2022,聚亨,造紙工業,10,L
1530,亞崴,電機機械,05,L
3296,勝德,綜合,28,L
8411,福貞-KY,資訊服務業,20,L
5215,科嘉-KY,金融保險,25,L
4720,德淵,其他電子業,21,L
9919,康那香,資訊服務業,20,L
6924,榮惠-KY創,綜合,28,L
6698,旭暉應材,運動休閒,31,L
3027,盛達,油電燃氣業,27,L
6931,青松健康,建材營造,22,L
6504,南六,資訊服務業,20,L
6128,上福,金融保險,25,L
6272,驊陞,綜合,28,L
2038,海光,造紙工業,10,L
6918,愛派司,建材營造,22,L
2468,華經,數位雲端,30,L
3652,精聯,金融保險,25,L
3052,夆典,半導體業,14,L
2239,英利-KY,橡膠工業,12,L
911868,同方友友-DR,其他等,91,L
1233,天仁,食品工業,02,L
3021,鴻名,綜合,28,L
2471,資通,數位雲端,30,L
6887,寶綠特-KY,其他等,35,L
3229,晟鈦,綜合,28,L
2390,云辰,運動休閒,31,L
3040,遠見,資訊服務業,20,L
4588,玖鼎電力,運動休閒,31,L
6552,易華電,半導體業,24,L
1438,三地開發,半導體業,14,L
6952,大武山,資訊服務業,20,L
4108,懷特,建材營造,22,L
6796,晉弘,建材營造,22,L
4557,永新-KY,橡膠工業,12,L
6936,永鴻生技,建材營造,22,L
4106,雃博,建材營造,22,L
1531,高林股,電機機械,05,L
1517,利奇,電機機械,05,L
7760,享溫馨,光電業,16,L
6598,ABC-KY,建材營造,22,L
2250,IKKA-KY,橡膠工業,12,L
4560,強信-KY,電機機械,05,L
8072,陞泰,綠能環保,29,L
5244,弘凱,貿易百貨,26,L
2440,太空梭,綜合,28,L
7732,金興精密,橡膠工業,12,L
4414,如興,紡織纖維,04,L
2434,統懋,半導體業,24,L
4552,力達-KY,電機機械,05,L
911622,泰聚亨-DR,其他等,91,L
6835,圓裕,綜合,28,L
4155,訊映,建材營造,22,L
6152,百一,油電燃氣業,27,L
6573,虹揚-KY,半導體業,24,L
6216,居易,油電燃氣業,27,L
2115,六暉-KY,橡膠工業,12,L
1735,日勝化,其他電子業,21,L
6921,嘉雨思-創,半導體業,24,L
1439,雋揚,半導體業,14,L
3557,嘉威,其他等,38,L
7803,雲象科技-創,建材營造,22,L
2032,新鋼,造紙工業,10,L
1587,吉茂,橡膠工業,12,L
1236,宏亞,食品工業,02,L
6666,羅麗芬-KY,建材營造,22,L
2430,燦坤,綠能環保,29,L
2025,千興,造紙工業,10,L
3002,歐格,金融保險,25,L
8487,愛爾達-創,其他等,36,L
1325,恆大,塑膠工業,03,L
2702,華園,光電業,16,L
1446,宏和,紡織纖維,04,L
1416,廣豐,資訊服務業,20,L
1220,台榮,食品工業,02,L
6591,動力-KY,金融保險,25,L
00670L,富邦NASDAQ正2,其他等,,none
4148,全宇生技-KY,建材營造,22,L
7705,三商餐飲,光電業,16,L
2642,宅配通,電腦及週邊設備業,15,L
4582,聚恆-創,其他等,35,L
1521,大億,橡膠工業,12,L
3607,谷崧,綜合,28,L
1467,南緯,紡織纖維,04,L
1468,昶和,紡織纖維,04,L
3050,鈺德,貿易百貨,26,L
1540,喬福,電機機械,05,L
3058,立德,綜合,28,L
9944,新麗,資訊服務業,20,L
3321,同泰,綜合,28,L
2616,山隆,航運業,23,L
1466,聚隆,紡織纖維,04,L
1323,永裕,塑膠工業,03,L
4807,日成-KY,電子零組件業,18,L
1470,大統新創,紡織纖維,04,L
1475,業旺,紡織纖維,04,L
6807,峰源-KY,其他等,38,L
6243,迅杰,半導體業,24,L
6431,光麗-KY,建材營造,22,L
1449,佳和,紡織纖維,04,L
2432,倚天酷碁-創,金融保險,25,L
2901,欣欣,電子零組件業,18,L
4581,光隆精密-KY,橡膠工業,12,L
1906,寶隆,玻璃陶瓷,09,L
3011,今皓,綜合,28,L
1541,錩泰,電機機械,05,L
1417,嘉裕,紡織纖維,04,L
1454,台富,紡織纖維,04,L
3419,譁裕,油電燃氣業,27,L
1432,大魯閣,其他等,37,L
1626,艾美特-KY,電器電纜,06,L
1410,南染,紡織纖維,04,L
4190,佐登-KY,建材營造,22,L
02001L,富邦蘋果正二N,其他等,,none
1471,首利,綜合,28,L
2712,遠雄來,光電業,16,L
1452,宏益,紡織纖維,04,L
6671,三能-KY,其他等,38,L
4999,鑫禾,綜合,28,L
1445,大宇,紡織纖維,04,L
2314,台揚,油電燃氣業,27,L
2438,翔耀,貿易百貨,26,L
4195,基米-創,建材營造,22,L
4426,利勤,紡織纖維,04,L
1338,廣華-KY,橡膠工業,12,L
3164,景岳,建材營造,22,L
8466,美吉吉-KY,資訊服務業,20,L
1337,再生-KY,塑膠工業,03,L
2482,連宇,運動休閒,31,L
1474,弘裕,紡織纖維,04,L
1805,寶徠,半導體業,14,L
9902,台火,資訊服務業,20,L
6908,宏碁遊戲-創,綠能環保,29,L
6916,華凌,貿易百貨,26,L
00647L,元大S&P500正2,其他等,,none
4930,燦星網,電器電纜,06,L
2024,志聯,造紙工業,10,L
1465,偉全,紡織纖維,04,L
9928,中視,資訊服務業,20,L
5906,台南-KY,電子零組件業,18,L
5546,永固-KY,半導體業,14,L
911608,明輝-DR,其他等,91,L
3308,聯德,綜合,28,L
3057,喬鼎,金融保險,25,L
2033,佳大,造紙工業,10,L
2431,聯昌,綜合,28,L
1453,大將,半導體業,14,L
4133,亞諾法,建材營造,22,L
2444,兆勁,油電燃氣業,27,L
3686,達能,半導體業,24,L
1456,怡華,半導體業,14,L
6771,平和環保-創,其他等,35,L
1413,宏洲,紡織纖維,04,L
4440,宜新實業,紡織纖維,04,L
2380,虹光,金融保險,25,L
6164,華興,貿易百貨,26,L
2496,卓越,資訊服務業,20,L
1776,展宇,其他電子業,21,L
8429,金麗-KY,電子零組件業,18,L
6674,鋐寶科技,油電燃氣業,27,L
1732,毛寶,其他電子業,21,L
6969,成信實業*-創,其他等,35,L
9929,秋雨,資訊服務業,20,L
8940,新天地,光電業,16,L
1418,東華,紡織纖維,04,L
2904,匯僑,資訊服務業,20,L
4943,康控-KY,綜合,28,L
00663L,國泰臺灣加權正2,其他等,,none
1539,巨庭,電機機械,05,L
00640L,富邦日本正2,其他等,,none
5871A,中租-KY甲特,其他等,,none
5907,大洋-KY,電子零組件業,18,L
3593,力銘,綜合,28,L
6645,金萬林-創,建材營造,22,L
6592A,和潤企業甲特,其他等,,none
3018,隆銘綠能,運動休閒,31,L
2939,永邑-KY,電子零組件業,18,L
1526,日馳,電機機械,05,L
3043,科風,運動休閒,31,L
1340,勝悅-KY,塑膠工業,03,L
2911,麗嬰房,電子零組件業,18,L
3150,鈺寶-創,半導體業,24,L
8201,無敵,運動休閒,31,L
1324,地球,塑膠工業,03,L
3432,台端,綜合,28,L
8443,阿瘦,電子零組件業,18,L
8488,吉源-KY,資訊服務業,20,L
3494,誠研,金融保險,25,L
1516,川飛,資訊服務業,20,L
00708L,期元大S&P黃金正2,其他等,,none
1512,瑞利,橡膠工業,12,L
9912,偉聯,金融保險,25,L
8101,華冠,油電燃氣業,27,L
6641,基士德-KY,其他等,35,L
1441,大東,紡織纖維,04,L
6225,天瀚,貿易百貨,26,L
6988,威力暘-創,橡膠工業,12,L
2929,淘帝-KY,電子零組件業,18,L
2881A,富邦特,其他等,,none
2882A,國泰特,其他等,,none
2424,隴華,油電燃氣業,27,L
2838A,聯邦銀甲特,其他等,,none
9941A,裕融甲特,其他等,,none
1522A,堤維西甲特,其他等,,none
00633L,富邦上証正2,其他等,,none
00653L,富邦印度正2,其他等,,none
00738U,期元大道瓊白銀,其他等,,none
8112A,至上甲特,其他等,,none
1213,大飲,食品工業,02,L
00635U,期元大S&P黃金,其他等,,none
00400A,主動國泰動能高息,其他等,,none
00715L,期街口布蘭特正2,其他等,,none
2002A,中鋼特,其他等,,none
2348A,海悅甲特,其他等,,none
00631L,元大台灣50正2,其他等,,none
00852L,國泰美國道瓊正2,其他等,,none
00655L,國泰中國A50正2,其他等,,none
00401A,主動摩根台灣鑫收,其他等,,none
00763U,期街口道瓊銅,其他等,,none
00707R,期元大S&P日圓反1,其他等,,none
1538,正峰,電機機械,05,L
00674R,期元大S&P黃金反1,其他等,,none
00981A,主動統一台股增長,其他等,,none
00406A,主動中信台灣收益,其他等,,none
2836A,高雄銀甲特,其他等,,none
00642U,期元大S&P石油,其他等,,none
00982A,主動群益台灣強棒,其他等,,none
00980A,主動野村臺灣優選,其他等,,none
00689R,國泰20年美債反1,其他等,,none
00683L,期元大美元指正2,其他等,,none
00693U,期街口S&P黃豆,其他等,,none
1312A,國喬特,其他等,,none
00985A,主動野村台灣50,其他等,,none
00681R,元大美債20反1,其他等,,none
00403A,主動統一升級50,其他等,,none
00682U,期元大美元指數,其他等,,none
00637L,元大滬深300正2,其他等,,none
00991A,主動復華未來50,其他等,,none
00405A,主動富邦台灣龍耀,其他等,,none
00988A,主動統一全球創新,其他等,,none
00706L,期元大S&P日圓正2,其他等,,none
6958A,日盛台駿甲特,其他等,,none
00998A,主動復華金融股息,其他等,,none
00404A,主動聯博動能50,其他等,,none
00992A,主動群益科技創新,其他等,,none
00989A,主動摩根美國科技,其他等,,none
00990A,主動元大AI新經濟,其他等,,none
00995A,主動中信台灣卓越,其他等,,none
00994A,主動第一金台股優,其他等,,none
00984A,主動安聯台灣高息,其他等,,none
00987A,主動台新優勢成長,其他等,,none
00650L,復華香港正2,其他等,,none
00684R,期元大美元指反1,其他等,,none
00986A,主動台新龍頭成長,其他等,,none
00673R,期元大S&P原油反1,其他等,,none
00996A,主動兆豐台灣豐收,其他等,,none
00402A,主動安聯美國科技,其他等,,none
00993A,主動安聯台灣,其他等,,none
00632R,元大台灣50反1,其他等,,none
00983A,主動中信ARK創新,其他等,,none
00685L,群益臺灣加權正2,其他等,,none
00997A,主動群益美國增長,其他等,,none
00407A,主動凱基台灣,其他等,,none
00999A,主動野村臺灣高息,其他等,,none
00408A,主動第一金優股息,其他等,,none
00666R,富邦恒生國企反1,其他等,,none
00753L,中信中國50正2,其他等,,none
00665L,富邦恒生國企正2,其他等,,none
00654R,富邦印度反1,其他等,,none
00638R,元大滬深300反1,其他等,,none
00680L,元大美債20正2,其他等,,none
00688L,國泰20年美債正2,其他等,,none
00656R,國泰中國A50反1,其他等,,none
00676R,富邦臺灣加權反1,其他等,,none
00651R,復華香港反1,其他等,,none
00669R,國泰美國道瓊反1,其他等,,none
00634R,富邦上証反1,其他等,,none
00648R,元大S&P500反1,其他等,,none
00641R,富邦日本反1,其他等,,none
00671R,富邦NASDAQ反1,其他等,,none
00664R,國泰臺灣加權反1,其他等,,none
00686R,群益臺灣加權反1,其他等,,none
00919,群益台灣精選高息,其他等,,none
0050,元大台灣50,其他等,,none
00918,大華優利高填息30,其他等,,none
009816,凱基台灣TOP50,其他等,,none
00878,國泰永續高股息,其他等,,none
0056,元大高股息,其他等,,none
00929,復華台灣科技優息,其他等,,none
00881,國泰台灣科技龍頭,其他等,,none
00830,國泰費城半導體,其他等,,none
00935,野村臺灣新科技50,其他等,,none
00896,中信綠能及電動車,其他等,,none
00961,FT臺灣永續高息,其他等,,none
0052,富邦科技,其他等,,none
00712,復華富時不動產,其他等,,none
00679B,元大美債20年,其他等,,none
006208,富邦台50,其他等,,none
00937B,群益ESG投等債20+,其他等,,none
00891,中信關鍵半導體,其他等,,none
00953B,群益優選非投等債,其他等,,none
6949,沛爾生醫*-創,建材營造,22,L
00927,群益半導體收益,其他等,,none
00687B,國泰20年美債,其他等,,none
00770,國泰北美科技,其他等,,none
009828,中信台日韓PCB,其他等,,none
00923,群益台ESG低碳50,其他等,,none
00757,統一FANG+,其他等,,none
00662,富邦NASDAQ,其他等,,none
009803,玉山市值動能50,其他等,,none
6176,瑞儀,貿易百貨,26,L
009829,大華韓國KOSPI50,其他等,,none
00915,凱基優選高股息30,其他等,,none
00922,國泰台灣領袖50,其他等,,none
00713,元大台灣高息低波,其他等,,none
00859B,群益0-1年美債,其他等,,none
00865B,國泰US短期公債,其他等,,none
00892,富邦台灣半導體,其他等,,none
00724B,群益投資級金融債,其他等,,none
00795B,中信美國公債20年,其他等,,none
00764B,群益25年美債,其他等,,none
00947,台新臺灣IC設計,其他等,,none
00646,元大S&P500,其他等,,none
2254,巨鎧精密-創,橡膠工業,12,L
00984D,主動聯博全球非投,其他等,,none
009826,貝萊德世界股票,其他等,,none
009805,台新美國電力基建,其他等,,none
00735,國泰臺韓科技,其他等,,none
00409A,主動復華全球50,其他等,,none
00696B,富邦美債20年,其他等,,none
009802,富邦旗艦50,其他等,,none
00900,富邦特選高股息30,其他等,,none
00962,台新AI優息動能,其他等,,none
00933B,國泰10Y+金融債,其他等,,none
00939,統一台灣高息動能,其他等,,none
00720B,元大投資級公司債,其他等,,none
00722B,群益投資級電信債,其他等,,none
00934,中信成長高股息,其他等,,none
00938,凱基優選30,其他等,,none
00940,元大台灣價值高息,其他等,,none
00981B,第一金優選非投債,其他等,,none
00945B,凱基美國非投等債,其他等,,none
00751B,元大AAA至A公司債,其他等,,none
009819,中信數據及電力,其他等,,none
00701,國泰股利精選30,其他等,,none
0053,元大電子,其他等,,none
0055,元大MSCI金融,其他等,,none
00773B,中信優先金融債,其他等,,none
00864B,中信美國公債0-1,其他等,,none
00410A,主動永豐科技趨勢,其他等,,none
009827,玉山未來全球算力,其他等,,none
00731,復華富時高息低波,其他等,,none
00411A,主動統一前沿科技,其他等,,none
00692,富邦公司治理,其他等,,none
2887I,台新新光辛特,其他等,,none
00875,國泰網路資安,其他等,,none
00894,中信小資高價30,其他等,,none
00850,元大臺灣ESG永續,其他等,,none
00857B,永豐20年美公債,其他等,,none
00725B,國泰投資級公司債,其他等,,none
00931B,統一美債20年,其他等,,none
00740B,富邦全球投等債,其他等,,none
00643,群益深証中小,其他等,,none
00913,兆豐台灣晶圓製造,其他等,,none
009821,野村稀土關鍵資源,其他等,,none
00882,中信中國高股息,其他等,,none
00924,復華S&P500成長,其他等,,none
00985B,群益ESG投等債0-5,其他等,,none
00909,國泰數位支付服務,其他等,,none
00772B,中信高評級公司債,其他等,,none
00926,凱基全球菁英55,其他等,,none
00964,中信亞太高股息,其他等,,none
00954,中信日本半導體,其他等,,none
009813,貝萊德標普卓越50,其他等,,none
00893,國泰智能電動車,其他等,,none
00960,野村全球航運龍頭,其他等,,none
00719B,元大美債1-3,其他等,,none
00690,兆豐藍籌30,其他等,,none
1563,巧新,橡膠工業,12,L
00989B,台新美國非投等債,其他等,,none
00853B,統一美債10年Aa-A,其他等,,none
00988B,玉山嚴選非投債,其他等,,none
00921,兆豐龍頭等權重,其他等,,none
00951,台新日本半導體,其他等,,none
00963,中信全球高股息,其他等,,none
00930,永豐ESG低碳高息,其他等,,none
00917,中信特選金融,其他等,,none
00905,FT臺灣Smart,其他等,,none
00885,富邦越南,其他等,,none
009824,群益美國科技巨頭,其他等,,none
00987D,主動統一美債量化,其他等,,none
00941,中信上游半導體,其他等,,none
00952,凱基台灣AI50,其他等,,none
00910,第一金太空衛星,其他等,,none
8105,凌巨,貿易百貨,26,L
00661,元大日經225,其他等,,none
00948B,中信優息投資級債,其他等,,none
00904,台新臺灣半導體30,其他等,,none
2887H,台新新光庚特二,其他等,,none
00768B,復華20年美債,其他等,,none
00895,富邦未來車,其他等,,none
00678,群益那斯達克生技,其他等,,none
00981D,主動中信非投等債,其他等,,none
00942B,台新美A公司債20+,其他等,,none
009820,元大納斯達克精選,其他等,,none
00981T,平衡凱基雙核收息,其他等,,none
00901,永豐智能車供應鏈,其他等,,none
00950B,凱基A級公司債,其他等,,none
00987B,野村10+澳洲公債,其他等,,none
00916,國泰全球品牌50,其他等,,none
00746B,富邦A級公司債,其他等,,none
00990B,國泰收益非投等債,其他等,,none
00984B,大華優利美A債15,其他等,,none
0051,元大中型100,其他等,,none
00733,富邦臺灣中小,其他等,,none
00965,元大航太防衛科技,其他等,,none
00726B,國泰新興投等債,其他等,,none
00985D,主動貝萊德優投等,其他等,,none
7855,和運租車,資訊服務業,20,L
009804,聯邦台精彩50,其他等,,none
00986D,主動復華金融債息,其他等,,none
00946,群益科技高息成長,其他等,,none
00697B,元大美債7-10,其他等,,none
00762,元大全球AI,其他等,,none
00912,中信臺灣智慧50,其他等,,none
00695B,富邦美債7-10,其他等,,none
00907,永豐優息存股,其他等,,none
00949,復華日本龍頭,其他等,,none
00862B,中信投資級公司債,其他等,,none
6947,台鎔科技,其他等,35,L
00752,中信中國50,其他等,,none
00936,台新永續高息中小,其他等,,none
00980D,主動聯博投等入息,其他等,,none
00849B,中信EM主權債0-5,其他等,,none
009800,中信NASDAQ,其他等,,none
00969B,元大零息超長美債,其他等,,none
00694B,富邦美債1-3,其他等,,none
009801,中信美國創新科技,其他等,,none
00911,兆豐洲際半導體,其他等,,none
00848B,中信新興亞洲債,其他等,,none
00982T,平衡兆豐台美動能,其他等,,none
00761B,國泰A級公司債,其他等,,none
00842B,台新美元銀行債,其他等,,none
00884B,中信低碳新興債,其他等,,none
00970B,台新BBB投等債20+,其他等,,none
00863B,中信全球電信債,其他等,,none
00639,富邦深100,其他等,,none
00943,兆豐電子高息等權,其他等,,none
00983D,主動富邦複合收益,其他等,,none
00779B,凱基美債25+,其他等,,none
00847B,中信美國市政債,其他等,,none
00920,富邦ESG綠色電力,其他等,,none
00791B,復華信用債1-5,其他等,,none
009811,統一美國50,其他等,,none
2883B,凱基金乙特,其他等,,none
00932,兆豐永續高息等權,其他等,,none
00983B,大華優利美公債20,其他等,,none
00657,國泰日經225,其他等,,none
00728,第一金工業30,其他等,,none
00717,富邦美國特別股,其他等,,none
00902,中信電池及儲能,其他等,,none
00876,元大全球5G,其他等,,none
00980B,台新特選IG債10+,其他等,,none
00944,野村趨勢動能高息,其他等,,none
00958B,永豐ESG銀行債15+,其他等,,none
2887E,台新新光戊特一,其他等,,none
006204,永豐臺灣加權,其他等,,none
00645,富邦日本,其他等,,none
00760B,復華新興企業債,其他等,,none
00759B,復華製藥債,其他等,,none
00730,富邦臺灣優質高息,其他等,,none
00758B,復華能源債,其他等,,none
5236,凌陽創新,半導體業,24,L
0057,富邦摩台,其他等,,none
006203,元大MSCI台灣,其他等,,none
00789B,復華公司債A3,其他等,,none
00710B,復華彭博非投等債,其他等,,none
00756B,群益投等新興公債,其他等,,none
00898,國泰基因免疫革命,其他等,,none
00897,富邦基因免疫生技,其他等,,none
00636,國泰中國A50,其他等,,none
00741B,富邦全球非投等債,其他等,,none
2887G,台新新光庚特一,其他等,,none
00792B,群益A級公司債,其他等,,none
00727B,國泰優選非投等債,其他等,,none
00959B,大華投等美債15Y+,其他等,,none
00799B,國泰A級醫療債,其他等,,none
009818,華南永昌NASDAQxT,其他等,,none
00967B,元大優息美債,其他等,,none
00860B,群益1-5Y投資級債,其他等,,none
00780B,國泰A級金融債,其他等,,none
00652,富邦印度,其他等,,none
00755B,群益投資級公用債,其他等,,none
00845B,富邦新興投等債,其他等,,none
00966B,統一ESG投等債15+,其他等,,none
00777B,凱基AAA至A公司債,其他等,,none
00846B,富邦歐洲銀行債,其他等,,none
00956,中信日經高股息,其他等,,none
006207,復華滬深,其他等,,none
00778B,凱基金融債20+,其他等,,none
00754B,群益AAA-AA公司債,其他等,,none
00851,台新全球AI,其他等,,none
00834B,第一金金融債10+,其他等,,none
00781B,國泰A級科技債,其他等,,none
00749B,凱基新興債10+,其他等,,none
00750B,凱基科技債10+,其他等,,none
00793B,群益AAA-A醫療債,其他等,,none
009817,國泰日本不動產,其他等,,none
00736,國泰新興市場,其他等,,none
00782B,國泰A級公用債,其他等,,none
00890B,凱基ESG BBB債15+,其他等,,none
00968B,元大優息投等債,其他等,,none
00734B,台新JPM新興債,其他等,,none
006205,富邦上証,其他等,,none
00723B,群益投資級科技債,其他等,,none
00836B,永豐10年A公司債,其他等,,none
00714,群益道瓊美國地產,其他等,,none
00840B,凱基IG精選15+,其他等,,none
00841B,凱基AAA-AA公司債,其他等,,none
00702,國泰標普低波高息,其他等,,none
1459,聯發,紡織纖維,04,L
00980T,平衡凱基美國TOP,其他等,,none
00844B,台新15年IG金融債,其他等,,none
00775B,台新投等債15+,其他等,,none
7689,大鵬科CLMX,油電燃氣業,27,L
009812,野村日本東證,其他等,,none
00737,國泰AI機器人,其他等,,none
00991B,貝萊德A級公司債,其他等,,none
00861,元大全球未來通訊,其他等,,none
00711B,復華彭博新興債,其他等,,none
73041U,穩懋國泰64售01,其他等,,none
00785B,富邦金融投等債,其他等,,none
009808,華南永昌優選50,其他等,,none
00957B,兆豐US優選投等債,其他等,,none
0061,元大寶滬深,其他等,,none
73024U,弘塑國票67售01,其他等,,none
020039,元大加權N,其他等,,none
73054U,弘塑群益64售01,其他等,,none
00903,富邦元宇宙,其他等,,none
2887F,台新新光戊特二,其他等,,none
01002T,土銀國泰R1,其他等,,none
00700,富邦恒生國企,其他等,,none
2237,華德動能-創,橡膠工業,12,L
006206,元大上證50,其他等,,none
73052U,世紀*國票6A售01,其他等,,none
00788B,元大10年IG電能債,其他等,,none
01007T,兆豐國泰R2,其他等,,none
00982D,主動富邦動態入息,其他等,,none
72950U,精材凱基63售02,其他等,,none
009809,富邦淨零ESG50,其他等,,none
00703,台新MSCI中國,其他等,,none
2882B,國泰金乙特,其他等,,none
2881C,富邦金丙特,其他等,,none
00668,國泰美國道瓊,其他等,,none
72925U,台半凱基5C售03,其他等,,none
00786B,元大10年IG銀行債,其他等,,none
009810,玉山全球藍籌100,其他等,,none
01010T,京城樂富R1,其他等,,none
2887Z1,台新新光己特,其他等,,none
72867U,旺矽富邦61售01,其他等,,none
00771,元大US高息特別股,其他等,,none
00870B,元大15年EM主權債,其他等,,none
00899,FT潔淨能源,其他等,,none
00709,富邦歐洲,其他等,,none
00908,富邦入息REITs+,其他等,,none
01004T,土銀富邦R2,其他等,,none
73104U,光頡台新63售03,其他等,,none
2897B,王道銀乙特,其他等,,none
73055U,世紀*國票68售01,其他等,,none
72855U,信驊富邦5C售02,其他等,,none
00971,野村美國研發龍頭,其他等,,none
73040U,穩懋群益64售02,其他等,,none
00972,野村日本動能高息,其他等,,none
1101B,台泥乙特,其他等,,none
00739,元大MSCI A股,其他等,,none
73033U,富喬台新62售01,其他等,,none
72965U,青雲國票61售03,其他等,,none
72772U,穩懋群益63售01,其他等,,none
00660,元大歐洲50,其他等,,none
00986B,FT金融債10+,其他等,,none
020000,富邦特選蘋果N,其他等,,none
01001T,土銀富邦R1,其他等,,none
7835,永悅健康-創,其他等,36,L
00783,富邦中証500,其他等,,none
72921U,富喬台新5C售03,其他等,,none
72976U,順達凱基61售06,其他等,,none
00982B,FT投資級債20+,其他等,,none
72988U,頎邦國票64售02,其他等,,none
73036U,富喬國票63售02,其他等,,none
72956U,群聯國票61售05,其他等,,none
00687C,國泰20年美債+櫃U,其他等,,none
73021U,威剛凱基63售03,其他等,,none
73043U,穩懋凱基63售07,其他等,,none
1341,富林-KY,塑膠工業,03,L
73048U,東捷群益62售02,其他等,,none
020028,元大特選電動車N,其他等,,none
73069U,精材群益63售09,其他等,,none
73051U,陽程國票66售01,其他等,,none
72945U,頎邦台新61售03,其他等,,none
73105U,頎邦群益63售06,其他等,,none
2881B,富邦金乙特,其他等,,none
72966U,雙鴻凱基61售07,其他等,,none
73050U,群聯永豐63售04,其他等,,none
72928U,富喬凱基5C售04,其他等,,none
73057U,宜鼎元大62售02,其他等,,none
72908U,威剛群益65售01,其他等,,none
00787B,元大10年IG醫療債,其他等,,none
72909U,威剛凱基65售01,其他等,,none
72953U,精材國票65售02,其他等,,none
72898U,雷科國票5B售03,其他等,,none
020030,統一智慧電動車N,其他等,,none
020020,元大台股領航N,其他等,,none
73066U,千附精國票63售01,其他等,,none
01009T,王道圓滿R1,其他等,,none
72936U,宜鼎凱基5C售10,其他等,,none
72952U,精材國票61售05,其他等,,none
73061U,環球晶凱基62售06,其他等,,none
020034,元大IC設計N,其他等,,none
00867B,台新A-BBB電信債,其他等,,none
72878U,群聯台新5B售08,其他等,,none
73039U,東捷群益64售02,其他等,,none
72996U,立碁國票64售02,其他等,,none
73092U,信驊國票65售01,其他等,,none
72610U,富喬國票5C售02,其他等,,none
73086U,信驊永豐64售01,其他等,,none
2891B,中信金乙特,其他等,,none
73072U,精材國票64售03,其他等,,none
72941U,雙鴻永豐61售04,其他等,,none
72749U,精測群益62售04,其他等,,none
73109U,茂綸國票65售02,其他等,,none
73097U,頎邦台新63售03,其他等,,none
72914U,威剛群益5B售05,其他等,,none
72977U,雙鴻國泰63售01,其他等,,none
72869U,立碁國票5B售03,其他等,,none
72896U,精材凱基5B售08,其他等,,none
73067U,晶宏國票63售01,其他等,,none
72814U,精測群益5B售02,其他等,,none
72866U,旺矽凱基5A售06,其他等,,none
72622U,精測群益62售02,其他等,,none
72990U,中美晶元大61售09,其他等,,none
73070U,精材群益69售01,其他等,,none
00856B,永豐1-3年美公債,其他等,,none
8349A,恒耀甲特,其他等,,none
73065U,環球晶台新63售01,其他等,,none
73083U,信驊凱基63售06,其他等,,none
72994U,元太凱基61售07,其他等,,none
73022U,威剛元大63售03,其他等,,none
020037,元大金融高股息N,其他等,,none
72901U,德微國票5C售05,其他等,,none
72843U,精材群益63售01,其他等,,none
73042U,穩懋凱基63售06,其他等,,none
72949U,威剛元大61售06,其他等,,none
72919U,順達台新5C售01,其他等,,none
72882U,環球晶台新5B售03,其他等,,none
73013U,威剛元大63售02,其他等,,none
72861U,華電網凱基5A售01,其他等,,none
73089U,信驊群益63售04,其他等,,none
73078U,擎亞台新63售02,其他等,,none
73071U,雙鴻群益63售09,其他等,,none
72868U,富喬群益5C售01,其他等,,none
72942U,家登群益61售03,其他等,,none
73088U,信驊群益63售03,其他等,,none
72883U,環球晶國票5B售02,其他等,,none
73014U,家登凱基63售02,其他等,,none
72985U,中美晶國票63售01,其他等,,none
72989U,廣穎國票61售01,其他等,,none
020031,統一IC設計臺灣N,其他等,,none
020029,元大ESG高股息N,其他等,,none
00643K,群益深証中小+R,其他等,,none
72972U,雙鴻群益61售03,其他等,,none
72961U,群聯凱基61售10,其他等,,none
72902U,擎亞國票5B售03,其他等,,none
73053U,頎邦台新62售02,其他等,,none
72917U,威剛凱基5B售09,其他等,,none
73023U,雙鴻凱基63售07,其他等,,none
72888U,德微群益5B售02,其他等,,none
72894U,世界群益62售01,其他等,,none
73020U,雙鴻元大63售07,其他等,,none
72948U,精材群益63售02,其他等,,none
72954U,群聯中信61售02,其他等,,none
73076U,雙鴻凱基63售17,其他等,,none
72946U,世界群益61售03,其他等,,none
72931U,群聯群益5C售10,其他等,,none
73081U,昇達科台新63售02,其他等,,none
72933U,世界群益66售01,其他等,,none
72959U,雙鴻群益63售03,其他等,,none
73095U,穩懋國票65售01,其他等,,none
73005U,群聯國票62售01,其他等,,none
72973U,M31國票61售02,其他等,,none
72939U,威剛國票62售01,其他等,,none
72853U,信驊元大5A售01,其他等,,none
72859U,弘塑國票5B售02,其他等,,none
72970U,雙鴻國票61售02,其他等,,none
73027U,萬潤國票66售02,其他等,,none
72907U,群聯富邦61售05,其他等,,none
73096U,穩懋國票69售01,其他等,,none
73046U,中美晶中信62售02,其他等,,none
72938U,世界國票62售01,其他等,,none
72922U,威剛凱基5C售05,其他等,,none
72875U,威剛凱基5B售05,其他等,,none
72975U,譜瑞國票61售01,其他等,,none
72854U,信驊永豐61售01,其他等,,none
73075U,環球晶台新63售04,其他等,,none
72934U,精材群益66售01,其他等,,none
73045U,蜜望實國票63售02,其他等,,none
73099U,弘塑國票65售02,其他等,,none
72879U,世界凱基5B售02,其他等,,none
73090U,竹陞國票67售01,其他等,,none
73074U,精材台新63售05,其他等,,none
72870U,群聯國票5B售06,其他等,,none
72903U,群聯凱基5B售08,其他等,,none
00657K,國泰日經225+U,其他等,,none
72992U,中美晶富邦67售02,其他等,,none
73102U,萊德光國票65售01,其他等,,none
00668K,國泰美國道瓊+U,其他等,,none
72986U,元太國票61售02,其他等,,none
72955U,宜鼎國票61售03,其他等,,none
72614U,富喬中信5C售02,其他等,,none
73084U,信驊富邦66售02,其他等,,none
72733U,中探針群益62售01,其他等,,none
73010U,頎邦國票64售03,其他等,,none
72629U,櫃200群益5B售02,其他等,,none
73056U,沛亨國票68售01,其他等,,none
73037U,富喬國票65售01,其他等,,none
72863U,蜜望實國票5A售03,其他等,,none
73018U,群聯國票66售02,其他等,,none
00636K,國泰中國A50+U,其他等,,none
73058U,頎邦群益62售03,其他等,,none
72827U,元太群益5B售02,其他等,,none
72692U,信驊群益61售02,其他等,,none
72836U,東捷群益5B售01,其他等,,none
72876U,合晶台新5B售05,其他等,,none
72880U,良維國票5C售02,其他等,,none
72737U,雙鴻群益5A售04,其他等,,none
72782U,環球晶群益62售01,其他等,,none
72837U,鈊象群益59售04,其他等,,none
00625K,富邦上証+R,其他等,,none
020011,統一微波高息20N,其他等,,none
020012,富邦行動通訊N,其他等,,none
020032,元大綠能N,其他等,,none
020036,元大金融配息N,其他等,,none
020038,元大ESG配息N,其他等,,none
2891C,中信金丙特,其他等,,none
6592B,和潤企業乙特,其他等,,none
020035,元大上櫃ESG高息N,其他等,,none
72328U,環球晶群益59售01,其他等,,none
72348U,良維群益59售01,其他等,,none
72400U,博智群益5A售02,其他等,,none
72414U,振曜群益5A售01,其他等,,none
72479U,擎亞群益5B售01,其他等,,none
72485U,信驊群益5B售01,其他等,,none
72501U,雙鴻中信5B售02,其他等,,none
72523U,新應材群益5B售01,其他等,,none
72572U,精測群益62售01,其他等,,none
72587U,華電網國票5A售01,其他等,,none
72638U,譜瑞群益5C售01,其他等,,none
72650U,雙鴻群益59售01,其他等,,none
72691U,信驊群益5B售03,其他等,,none
72697U,穩懋凱基59售04,其他等,,none
72700U,博智凱基59售03,其他等,,none
72704U,點序群益61售01,其他等,,none
72713U,世界群益5B售01,其他等,,none
72724U,信驊國票5B售01,其他等,,none
72735U,世界群益5A售01,其他等,,none
72736U,精材群益5A售04,其他等,,none
72747U,閎康群益5A售02,其他等,,none
72748U,精測群益5A售02,其他等,,none
72754U,博智群益62售02,其他等,,none
72759U,茂迪凱基59售01,其他等,,none
72763U,譜瑞國票59售02,其他等,,none
72766U,富喬群益5A售02,其他等,,none
72774U,信驊永豐5A售01,其他等,,none
72781U,系統電國票5A售01,其他等,,none
72785U,旺矽富邦5A售02,其他等,,none
72790U,閎康群益63售01,其他等,,none
72791U,榮剛群益63售01,其他等,,none
72794U,雙鴻凱基5A售02,其他等,,none
72795U,神盾群益61售01,其他等,,none
72797U,台特化國票5A售02,其他等,,none
72798U,宏觀國票5A售01,其他等,,none
72799U,雙鴻國票5A售01,其他等,,none
72800U,信驊永豐5B售01,其他等,,none
72807U,新應材國泰5A售01,其他等,,none
72808U,新應材國票5A售03,其他等,,none
72809U,萬泰科國票5A售02,其他等,,none
72810U,鑫聯國票5A售02,其他等,,none
72812U,茂迪國票5A售03,其他等,,none
72813U,宜鼎群益5B售03,其他等,,none
72817U,雙鴻台新59售03,其他等,,none
72818U,信驊永豐5C售01,其他等,,none
72819U,鑫科國票59售02,其他等,,none
72820U,鑫聯國票5A售03,其他等,,none
72821U,信驊元大59售04,其他等,,none
72822U,信驊元大59售05,其他等,,none
72823U,弘塑凱基59售05,其他等,,none
72824U,亞泰國票59售03,其他等,,none
72825U,頎邦元富59售03,其他等,,none
72826U,頎邦元富59售06,其他等,,none
72828U,台燿群益5B售01,其他等,,none
72829U,宏捷科群益5C售01,其他等,,none
72830U,元太凱基5B售03,其他等,,none
72831U,台燿凱基59售05,其他等,,none
72833U,台燿元富59售04,其他等,,none
72834U,台燿中信59售08,其他等,,none
72835U,東捷群益59售03,其他等,,none
72838U,鈊象群益5B售02,其他等,,none
72839U,台燿元大59售25,其他等,,none
72840U,世界群益5B售04,其他等,,none
72841U,神盾群益5C售01,其他等,,none
72842U,鈊象群益63售01,其他等,,none
72844U,雙鴻群益59售15,其他等,,none
72845U,雙鴻凱基5A售04,其他等,,none
72846U,鈊象凱基5A售02,其他等,,none
72847U,印能國票5A售04,其他等,,none
72848U,雙鴻群益5A售06,其他等,,none
72849U,印能凱基5A售04,其他等,,none
72850U,印能國票5A售05,其他等,,none
72851U,矽科國票5B售02,其他等,,none
72852U,旺矽元大5A售03,其他等,,none
72856U,頎邦凱基5A售03,其他等,,none
72857U,雙鴻元大5A售06,其他等,,none
72858U,巨漢國票5A售02,其他等,,none
72860U,弘塑元大5A售03,其他等,,none
72862U,群聯國票5B售02,其他等,,none
72864U,群聯凱基5A售03,其他等,,none
72865U,信驊永豐5B售03,其他等,,none
72871U,群聯群益61售02,其他等,,none
72872U,聖暉*台新5B售01,其他等,,none
72873U,威剛國票5C售02,其他等,,none
72874U,威剛群益5C售02,其他等,,none
72877U,群聯台新5B售07,其他等,,none
72881U,鈊象台新5B售03,其他等,,none
72884U,鈊象群益61售01,其他等,,none
72885U,中美晶群益5B售02,其他等,,none
72886U,群聯群益5B售06,其他等,,none
72887U,精材群益5B售05,其他等,,none
72889U,新盛力群益5B售04,其他等,,none
72890U,廣穎群益5B售03,其他等,,none
72891U,世界台新5B售03,其他等,,none
72892U,台特化台新5B售04,其他等,,none
72893U,威剛中信64售01,其他等,,none
72895U,台特化群益5B售01,其他等,,none
72897U,精材群益5B售08,其他等,,none
72899U,立敦台新5B售04,其他等,,none
72900U,德微國票5C售04,其他等,,none
72904U,欣銓台新5B售05,其他等,,none
72905U,臺慶科台新5B售05,其他等,,none
72906U,博智群益5B售04,其他等,,none
72910U,精材台新5B售06,其他等,,none
72911U,威剛元大5B售16,其他等,,none
72912U,良維群益61售02,其他等,,none
72913U,威剛群益5B售04,其他等,,none
72915U,威剛群益61售03,其他等,,none
72916U,中美晶凱基5B售06,其他等,,none
72918U,威剛永豐61售03,其他等,,none
72920U,佳邦群益5C售01,其他等,,none
72923U,宜鼎台新5C售05,其他等,,none
72924U,台半群益5C售03,其他等,,none
72926U,臺慶科凱基5C售03,其他等,,none
72927U,聖暉*台新5C售05,其他等,,none
72929U,臺慶科台新5C售02,其他等,,none
72930U,威剛群益5C售08,其他等,,none
72932U,威剛國泰61售02,其他等,,none
72935U,世界台新5C售02,其他等,,none
72937U,元太國票62售01,其他等,,none
72940U,臺慶科國票62售01,其他等,,none
72943U,頎邦國票61售01,其他等,,none
72944U,中光電台新61售03,其他等,,none
72947U,台星科群益61售02,其他等,,none
72951U,中光電台新61售05,其他等,,none
72957U,良維群益63售01,其他等,,none
72958U,群聯群益63售02,其他等,,none
72960U,良維凱基61售03,其他等,,none
72962U,宜鼎群益67售01,其他等,,none
72963U,中美晶國票61售06,其他等,,none
72964U,中美晶國票64售02,其他等,,none
72967U,順達國票61售03,其他等,,none
72968U,群聯國票64售01,其他等,,none
72969U,聖暉*國票61售05,其他等,,none
72971U,良維群益67售01,其他等,,none
72974U,威剛國票65售01,其他等,,none
72978U,威剛凱基61售06,其他等,,none
72979U,群聯台新61售07,其他等,,none
72980U,頎邦凱基61售05,其他等,,none
72981U,欣銓國票61售04,其他等,,none
72982U,華景電國票61售02,其他等,,none
72983U,家登群益63售02,其他等,,none
72984U,凡甲國票61售01,其他等,,none
72987U,宜特國票61售02,其他等,,none
72991U,群聯元大61售20,其他等,,none
72993U,中美晶凱基63售03,其他等,,none
72995U,群聯凱基63售03,其他等,,none
72997U,良維國票61售02,其他等,,none
72998U,新普國票61售02,其他等,,none
72999U,世界國票62售02,其他等,,none
73000U,宜鼎國票63售01,其他等,,none
73001U,欣銓國票63售01,其他等,,none
73002U,順達國票63售01,其他等,,none
73003U,鈊象國票62售01,其他等,,none
73004U,群翊國票62售01,其他等,,none
73006U,雙鴻國票63售01,其他等,,none
73007U,世界凱基63售03,其他等,,none
73008U,中美晶國票64售03,其他等,,none
73009U,光焱國票65售01,其他等,,none
73011U,中美晶國票66售01,其他等,,none
73012U,威剛國票65售02,其他等,,none
73015U,新應材凱基63售04,其他等,,none
73016U,宜鼎國票66售02,其他等,,none
73017U,順達國票66售01,其他等,,none
73019U,雙鴻國票66售02,其他等,,none
73025U,朋億*國票66售02,其他等,,none
73026U,金山電國票68售01,其他等,,none
73028U,萬潤國票68售02,其他等,,none
73029U,聖暉*國票66售01,其他等,,none
73030U,中美晶台新62售02,其他等,,none
73031U,威剛凱基63售05,其他等,,none
73032U,M31國票66售01,其他等,,none
73034U,中美晶凱基64售03,其他等,,none
73035U,群聯永豐64售12,其他等,,none
73038U,中美晶群益63售03,其他等,,none
73044U,宏捷科凱基63售01,其他等,,none
73047U,宜特群益62售02,其他等,,none
73049U,振曜群益66售01,其他等,,none
73059U,安葆國票68售01,其他等,,none
73060U,宏捷科國票63售01,其他等,,none
73062U,環球晶群益64售01,其他等,,none
73063U,環球晶中信62售03,其他等,,none
73064U,環球晶元大62售04,其他等,,none
73068U,均華群益63售01,其他等,,none
73073U,環球晶國票64售03,其他等,,none
73077U,漢達國票65售02,其他等,,none
73079U,博智凱基63售06,其他等,,none
73080U,順達元大63售11,其他等,,none
73082U,信驊台新63售04,其他等,,none
73085U,信驊永豐63售01,其他等,,none
73087U,信驊元大63售03,其他等,,none
73091U,信驊國票64售02,其他等,,none
73093U,信驊國票65售02,其他等,,none
73094U,漢達國票65售03,其他等,,none
73098U,台半國票65售02,其他等,,none
73100U,威聯通國票65售01,其他等,,none
73101U,崴寶國票65售01,其他等,,none
73103U,雷科國票64售03,其他等,,none
73106U,竹陞國票65售02,其他等,,none
73107U,南俊國票65售01,其他等,,none
73108U,茂達國票65售03,其他等,,none
73110U,高技國票65售03,其他等,,none
73111U,博盛國票65售01,其他等,,none
73112U,雅特力國票65售01,其他等,,none
73113U,弘塑凱基65售02,其他等,,none