stock_id,date,close
00400A,20260722,13.88
00401A,20260722,13.2
00402A,20260722,9.78
00403A,20260722,9.99
00404A,20260722,9.6
00405A,20260722,8.3
00406A,20260722,9.46
00407A,20260722,9.24
00408A,20260722,10.05
0050,20260722,103.85
0051,20260722,140.6
0052,20260722,60.6
0053,20260722,233.75
0055,20260722,42.76
0056,20260722,50.95
0057,20260722,310.0
0061,20260722,25.23
006201,20260709,46.85
006203,20260722,190.0
006204,20260722,224.35
006205,20260722,41.58
006206,20260722,39.03
006207,20260722,33.58
006208,20260722,237.4
00625K,20260722,8.67
00631L,20260722,34.8
00632R,20260722,10.39
00633L,20260722,51.05
00634R,20260722,3.06
00635U,20260722,42.99
00636,20260722,29.1
00636K,20260722,9.08
00637L,20260722,21.37
00638R,20260722,6.56
00639,20260722,17.46
00640L,20260722,106.0
00641R,20260722,3.77
00642U,20260722,28.05
00643,20260722,19.1
00643K,20260722,4.02
00645,20260722,57.2
00646,20260722,76.45
00647L,20260722,135.1
00648R,20260722,4.03
00650L,20260722,16.63
00651R,20260722,5.33
00652,20260722,33.16
00653L,20260722,46.29
00654R,20260722,6.79
00655L,20260722,35.82
00656R,20260722,5.77
00657,20260722,77.85
00657K,20260722,24.32
00660,20260722,45.73
00661,20260722,85.65
00662,20260722,120.75
00663L,20260722,99.75
00664R,20260722,1.69
00665L,20260722,9.09
00666R,20260722,9.32
00668,20260722,61.7
00668K,20260722,19.09
00669R,20260722,5.32
00670L,20260722,196.4
00671R,20260722,2.48
00673R,20260722,12.77
00674R,20260722,29.87
00675L,20260722,301.75
00676R,20260722,5.72
00678,20260722,40.58
00679B,20260717,26.99
00680L,20260722,6.66
00681R,20260722,21.57
00682U,20260722,20.67
00683L,20260722,22.13
00684R,20260722,14.86
00685L,20260722,11.38
00686R,20260722,1.03
00687B,20260717,28.07
00687C,20260717,9.23
00688L,20260722,6.62
00689R,20260722,22.68
00690,20260722,76.0
00692,20260722,89.05
00693U,20260722,22.38
00694B,20260717,42.44
00695B,20260717,35.6
00696B,20260717,29.11
00697B,20260717,36.09
00700,20260722,17.16
00701,20260722,38.6
00702,20260722,24.85
00703,20260722,19.58
00706L,20260722,18.22
00707R,20260722,33.06
00708L,20260722,73.0
00709,20260722,40.98
00710B,20260722,19.31
00711B,20260722,16.09
00712,20260722,8.9
00713,20260722,60.75
00714,20260722,22.7
00715L,20260722,50.2
00717,20260722,14.9
00719B,20260717,31.75
00720B,20260717,33.36
00722B,20260717,35.48
00723B,20260717,30.31
00724B,20260717,33.77
00725B,20260717,35.0
00726B,20260717,33.49
00727B,20260717,39.79
00728,20260722,62.3
00730,20260722,28.38
00731,20260722,89.1
00733,20260722,66.7
00734B,20260717,15.95
00735,20260722,100.1
00736,20260722,31.59
00737,20260722,38.16
00738U,20260722,47.94
00739,20260722,28.72
00740B,20260717,38.65
00741B,20260717,37.85
00746B,20260717,35.52
00749B,20260717,31.76
00750B,20260717,32.85
00751B,20260717,31.49
00752,20260722,23.04
00753L,20260722,9.32
00754B,20260717,33.25
00755B,20260717,33.19
00756B,20260717,31.88
00757,20260722,132.45
00758B,20260717,52.25
00759B,20260717,55.25
00760B,20260717,54.45
00761B,20260717,34.65
00762,20260722,111.95
00763U,20260722,34.74
00764B,20260717,28.01
00768B,20260717,50.6
00770,20260722,67.7
00771,20260722,15.9
00772B,20260717,33.68
00773B,20260717,36.06
00775B,20260722,32.2
00777B,20260717,32.52
00778B,20260717,34.48
00779B,20260717,28.32
00780B,20260717,37.87
00781B,20260717,28.19
00782B,20260717,30.44
00783,20260722,28.41
00785B,20260717,35.08
00786B,20260717,33.0
00787B,20260717,32.83
00788B,20260717,30.49
00789B,20260717,48.51
00791B,20260717,58.25
00792B,20260717,31.82
00793B,20260717,30.85
00795B,20260717,27.16
00799B,20260717,29.89
00830,20260722,87.55
00834B,20260717,34.56
00836B,20260717,28.84
00840B,20260717,29.95
00841B,20260717,28.88
00842B,20260717,30.19
00844B,20260717,31.9
00845B,20260717,33.82
00846B,20260717,36.52
00847B,20260717,25.94
00848B,20260717,34.33
00849B,20260717,37.95
00850,20260722,88.4
00851,20260722,71.15
00852L,20260722,34.79
00853B,20260717,27.74
00856B,20260717,38.31
00857B,20260717,23.33
00858,20260709,36.74
00859B,20260717,41.59
00860B,20260717,38.86
00861,20260722,88.1
00862B,20260717,31.72
00863B,20260717,31.97
00864B,20260717,47.22
00865B,20260722,49.45
00867B,20260709,31.06
00870B,20260717,28.7
00875,20260722,52.1
00876,20260722,91.1
00877,20260709,43.88
00878,20260722,32.72
00881,20260722,52.1
00882,20260722,14.99
00884B,20260717,29.59
00885,20260722,17.52
00886,20260709,45.5
00887,20260709,19.31
00888,20260709,36.87
00890B,20260717,32.33
00891,20260722,35.1
00892,20260722,39.99
00893,20260722,45.35
00894,20260722,46.51
00895,20260722,50.55
00896,20260722,27.12
00897,20260722,11.13
00898,20260722,9.4
00899,20260722,24.8
00900,20260722,18.45
00901,20260722,44.62
00902,20260722,12.64
00903,20260722,21.12
00904,20260722,40.0
00905,20260722,25.7
00907,20260722,16.53
00908,20260722,15.71
00909,20260722,47.22
00910,20260722,57.0
00911,20260722,56.35
00912,20260722,32.54
00913,20260722,50.1
00915,20260722,31.48
00916,20260722,26.43
00917,20260722,23.67
00918,20260722,32.4
00919,20260722,29.46
00920,20260722,24.76
00921,20260722,23.4
00922,20260722,39.8
00923,20260722,41.08
00924,20260722,32.79
00926,20260722,25.72
00927,20260722,37.2
00928,20260709,36.94
00929,20260722,29.0
00930,20260722,24.24
00931B,20260717,13.51
00932,20260722,17.4
00933B,20260717,16.09
00934,20260722,27.3
00935,20260722,57.0
00936,20260722,20.34
00937B,20260717,14.83
00938,20260722,24.58
00939,20260722,21.68
00940,20260722,12.28
00941,20260722,27.02
00942B,20260717,14.29
00943,20260722,21.74
00944,20260722,21.07
00945B,20260722,14.68
00946,20260722,14.96
00947,20260722,35.55
00948B,20260717,9.47
00949,20260722,20.79
00950B,20260717,14.17
00951,20260722,18.61
00952,20260722,17.96
00953B,20260722,9.82
00954,20260722,19.86
00955,20260709,14.18
00956,20260722,12.68
00957B,20260717,13.46
00958B,20260717,9.38
00959B,20260717,9.42
00960,20260722,18.4
00961,20260722,12.69
00962,20260722,14.83
00963,20260722,13.25
00964,20260722,13.98
00965,20260722,24.71
00966B,20260717,13.98
00967B,20260717,9.25
00968B,20260717,9.32
00969B,20260717,8.38
00970B,20260717,9.38
00971,20260722,17.06
00972,20260722,20.73
009800,20260722,13.05
009801,20260722,12.43
009802,20260722,18.8
009803,20260722,20.83
009804,20260722,21.7
009805,20260722,16.4
009806,20260709,13.45
009807,20260709,16.64
009808,20260722,30.53
009809,20260722,17.52
00980A,20260722,23.0
00980B,20260717,9.5
00980D,20260717,20.52
00980T,20260717,11.75
009810,20260722,20.93
009811,20260722,13.18
009812,20260722,12.6
009813,20260722,11.25
009814,20260709,11.2
009815,20260709,11.25
009816,20260722,15.04
009817,20260722,9.21
009818,20260722,20.0
009819,20260722,10.01
00981A,20260722,28.5
00981B,20260717,9.38
00981D,20260717,10.49
00981T,20260722,12.04
009820,20260722,9.99
009821,20260722,12.95
009822,20260709,9.73
009823,20260709,10.3
009824,20260722,10.17
00982A,20260722,22.84
00982B,20260717,9.79
00982D,20260722,9.91
00982T,20260722,15.16
00983A,20260722,11.82
00983B,20260717,15.75
00983D,20260722,10.16
00984A,20260722,15.22
00984B,20260717,16.35
00984D,20260722,10.25
00985A,20260722,21.31
00985B,20260722,10.42
00985D,20260717,10.2
00986A,20260722,14.81
00986B,20260717,9.92
00986D,20260717,14.9
00987A,20260722,14.79
00987B,20260717,16.09
00988A,20260722,17.63
00988B,20260717,19.96
00989A,20260722,17.26
00989B,20260717,10.25
00990A,20260722,16.7
00990B,20260717,10.05
00991A,20260722,17.34
00992A,20260722,16.22
00993A,20260722,12.82
00994A,20260722,16.26
00995A,20260722,16.58
00996A,20260722,14.07
00997A,20260722,11.65
00998A,20260717,17.13
00999A,20260722,10.55
01001T,20260722,11.37
01002T,20260722,13.7
01004T,20260722,10.29
01007T,20260722,12.3
01009T,20260722,5.7
01010T,20260722,10.0
020000,20260722,31.2
020011,20260713,0.0
020012,20260721,22.14
02001L,20260722,144.5
020020,20260722,26.68
020028,20260722,19.09
020029,20260722,18.31
020030,20260722,17.96
020031,20260722,9.66
020032,20260717,9.73
020034,20260722,13.65
020036,20260713,9.92
020037,20260716,10.93
020038,20260722,14.11
020039,20260722,14.38
1101,20260722,23.85
1101B,20260722,43.6
1102,20260722,32.45
1103,20260722,13.55
1104,20260722,26.5
1108,20260722,12.2
1109,20260722,13.8
1110,20260722,16.0
1201,20260722,12.65
1203,20260722,46.45
1210,20260722,57.0
1213,20260722,7.3
1215,20260722,109.0
1216,20260722,76.8
1217,20260722,9.92
1218,20260722,16.05
1219,20260722,11.65
1220,20260722,11.3
1225,20260722,26.6
1227,20260722,29.95
1229,20260722,40.2
1231,20260722,90.8
1232,20260722,153.5
1233,20260722,28.7
1234,20260722,33.3
1235,20260722,35.8
1236,20260722,23.6
1256,20260722,183.5
1301,20260722,63.5
1303,20260722,208.0
1304,20260722,13.35
1305,20260722,12.7
1307,20260722,32.5
1308,20260722,14.6
1309,20260722,14.8
1310,20260722,10.15
1312,20260722,13.8
1312A,20260717,21.45
1313,20260722,12.3
1314,20260722,8.42
1315,20260722,64.4
1316,20260722,10.4
1319,20260722,73.2
1321,20260722,31.9
1323,20260722,19.85
1324,20260722,10.25
1325,20260722,26.7
1326,20260722,70.6
1337,20260722,4.88
1338,20260722,16.1
1339,20260722,45.2
1340,20260722,5.16
1341,20260722,58.5
1342,20260722,114.0
1402,20260722,27.2
1409,20260722,24.4
1410,20260722,26.35
1413,20260722,9.42
1414,20260722,18.0
1416,20260722,11.05
1417,20260722,8.8
1418,20260722,18.15
1419,20260722,65.9
1423,20260722,36.1
1432,20260722,15.05
1434,20260722,19.2
1435,20260722,19.2
1436,20260722,45.3
1437,20260722,31.15
1438,20260722,21.9
1439,20260722,26.6
1440,20260722,12.85
1441,20260722,9.03
1442,20260722,29.15
1443,20260722,26.0
1444,20260722,8.05
1445,20260722,11.05
1446,20260722,14.0
1447,20260722,7.78
1449,20260722,12.8
1451,20260722,17.4
1452,20260722,11.65
1453,20260722,11.2
1454,20260722,12.65
1455,20260722,9.14
1456,20260722,13.95
1457,20260722,14.25
1459,20260722,11.85
1460,20260722,6.97
1463,20260722,17.95
1464,20260722,10.4
1465,20260722,12.5
1466,20260722,17.3
1467,20260722,10.0
1468,20260722,13.1
1470,20260722,22.55
1471,20260722,9.98
1472,20260722,88.4
1473,20260722,20.15
1474,20260722,10.5
1475,20260722,27.2
1476,20260722,337.5
1477,20260722,214.5
1503,20260722,211.5
1504,20260722,68.1
1506,20260722,10.6
1512,20260722,6.65
1513,20260722,162.5
1514,20260722,108.5
1515,20260722,38.3
1516,20260722,16.15
1517,20260722,11.6
1519,20260722,705.0
1521,20260722,25.35
1522,20260722,28.55
1522A,20260722,48.85
1524,20260722,26.65
1525,20260722,66.4
1526,20260722,16.25
1527,20260722,33.7
1528,20260722,19.95
1529,20260722,19.4
1530,20260722,30.65
1531,20260722,13.05
1532,20260722,23.15
1533,20260722,33.7
1535,20260722,45.75
1536,20260722,52.3
1537,20260722,125.5
1538,20260722,10.0
1539,20260722,16.0
1540,20260722,22.0
1541,20260722,22.2
1558,20260722,93.6
1560,20260722,707.0
1563,20260722,62.8
1568,20260722,29.55
1582,20260722,71.3
1583,20260722,49.35
1587,20260722,25.25
1590,20260722,1430.0
1597,20260722,129.0
1598,20260722,19.7
1603,20260722,29.05
1604,20260722,23.2
1605,20260722,33.5
1608,20260722,30.45
1609,20260722,37.75
1611,20260722,12.2
1612,20260722,31.4
1614,20260722,31.0
1615,20260722,43.0
1616,20260722,20.05
1617,20260722,19.7
1618,20260722,39.1
1623,20260722,220.0
1626,20260722,10.05
1702,20260722,33.5
1707,20260722,90.6
1708,20260722,54.1
1709,20260722,27.9
1710,20260722,17.55
1711,20260722,37.65
1712,20260722,38.85
1713,20260722,48.15
1714,20260722,15.7
1717,20260722,62.6
1718,20260722,12.35
1720,20260722,63.5
1721,20260722,21.05
1722,20260722,46.5
1723,20260722,85.7
1725,20260722,29.9
1726,20260722,75.5
1727,20260722,80.3
1730,20260722,51.4
1731,20260722,20.6
1732,20260722,27.0
1733,20260722,31.6
1734,20260722,32.85
1735,20260722,20.2
1736,20260722,136.5
1737,20260722,31.8
1752,20260722,31.55
1760,20260722,61.5
1762,20260722,34.9
1773,20260722,169.0
1776,20260722,17.9
1783,20260722,39.9
1786,20260722,50.0
1789,20260722,19.75
1795,20260722,192.5
1802,20260722,55.6
1805,20260722,10.3
1806,20260722,8.38
1808,20260722,31.95
1809,20260722,40.0
1810,20260722,34.15
1817,20260722,38.7
1903,20260722,48.4
1904,20260722,21.45
1905,20260722,14.25
1906,20260722,11.15
1907,20260722,28.05
1909,20260722,10.1
2002,20260722,18.85
2002A,20260722,38.5
2006,20260722,71.1
2007,20260722,7.12
2008,20260722,30.15
2009,20260722,37.85
2010,20260722,21.1
2012,20260722,15.6
2013,20260722,40.65
2014,20260722,17.15
2015,20260722,62.7
2017,20260722,8.94
2020,20260722,21.1
2022,20260722,7.75
2023,20260722,13.85
2024,20260722,13.55
2025,20260722,11.55
2027,20260722,43.75
2028,20260722,15.6
2029,20260722,20.5
2030,20260722,17.4
2031,20260722,39.8
2032,20260722,16.05
2033,20260722,15.3
2034,20260722,19.55
2038,20260722,12.65
2049,20260722,320.5
2059,20260722,8125.0
2062,20260722,18.9
2069,20260722,18.65
2072,20260722,143.5
2101,20260722,33.6
2102,20260722,19.1
2103,20260722,24.15
2104,20260722,10.5
2105,20260722,31.25
2106,20260722,17.7
2107,20260722,25.8
2108,20260722,28.1
2109,20260722,14.55
2114,20260722,87.1
2115,20260722,22.0
2201,20260722,28.1
2204,20260722,55.5
2206,20260722,60.0
2207,20260722,492.0
2208,20260722,20.1
2211,20260722,87.8
2227,20260722,49.55
2228,20260722,80.0
2231,20260722,105.0
2233,20260722,216.0
2236,20260722,153.5
2239,20260722,19.9
2241,20260722,35.05
2243,20260722,52.2
2247,20260722,220.0
2248,20260722,63.6
2250,20260722,62.0
2254,20260722,60.5
2258,20260722,31.8
2301,20260722,218.0
2302,20260722,43.55
2303,20260722,139.0
2305,20260722,33.75
2308,20260722,1880.0
2312,20260722,33.0
2313,20260722,208.0
2314,20260722,12.7
2316,20260722,161.5
2317,20260722,251.5
2321,20260722,15.9
2323,20260722,10.6
2324,20260722,36.2
2327,20260722,703.0
2328,20260722,47.0
2329,20260722,46.8
2330,20260722,2400.0
2331,20260722,20.05
2332,20260722,23.9
2337,20260722,135.0
2338,20260722,43.4
2340,20260722,33.1
2342,20260722,42.95
2344,20260722,171.0
2345,20260722,2285.0
2347,20260722,88.2
2348,20260722,78.8
2348A,20260722,38.0
2349,20260722,11.45
2351,20260722,168.0
2352,20260722,30.4
2353,20260722,30.55
2354,20260722,56.1
2355,20260722,43.25
2356,20260722,61.7
2357,20260722,757.0
2359,20260722,139.0
2360,20260722,2125.0
2362,20260722,43.3
2363,20260722,59.0
2364,20260722,71.4
2365,20260722,30.95
2367,20260722,45.3
2368,20260722,940.0
2369,20260722,36.45
2371,20260722,26.4
2373,20260722,53.3
2374,20260722,67.7
2375,20260722,145.5
2376,20260722,348.0
2377,20260722,155.0
2379,20260722,743.0
2380,20260722,19.1
2382,20260722,329.0
2383,20260722,5125.0
2385,20260722,106.5
2387,20260722,38.7
2388,20260722,74.9
2390,20260722,11.35
2392,20260722,36.0
2393,20260722,67.1
2395,20260722,596.0
2397,20260722,59.3
2399,20260722,39.45
2401,20260722,29.9
2402,20260722,58.6
2404,20260722,1175.0
2405,20260722,16.85
2406,20260722,35.3
2408,20260722,445.5
2409,20260722,25.8
2412,20260722,138.5
2413,20260722,41.5
2414,20260722,57.3
2415,20260722,35.0
2417,20260722,40.9
2419,20260722,25.8
2420,20260722,58.0
2421,20260722,132.0
2423,20260722,74.8
2424,20260722,8.55
2425,20260722,45.15
2426,20260722,58.8
2427,20260722,23.9
2428,20260722,257.0
2429,20260722,40.9
2430,20260722,17.8
2431,20260722,10.7
2432,20260722,28.5
2433,20260722,41.8
2434,20260722,71.8
2436,20260722,61.3
2438,20260722,18.3
2439,20260722,84.4
2440,20260722,16.1
2441,20260722,127.5
2442,20260722,19.4
2444,20260722,11.35
2449,20260722,295.0
2450,20260722,28.7
2451,20260722,241.5
2453,20260722,52.3
2454,20260722,3850.0
2455,20260722,324.5
2457,20260722,24.75
2458,20260722,174.5
2459,20260722,65.1
2460,20260722,32.05
2461,20260722,16.05
2462,20260722,21.1
2464,20260722,151.0
2465,20260722,82.5
2466,20260722,115.5
2467,20260722,546.0
2468,20260722,35.6
2471,20260722,48.45
2472,20260722,282.5
2474,20260722,193.0
2476,20260722,121.0
2477,20260722,21.15
2478,20260722,150.0
2480,20260722,159.0
2481,20260722,157.5
2482,20260722,18.5
2483,20260722,41.05
2484,20260722,72.1
2485,20260722,42.3
2486,20260722,232.5
2488,20260722,49.4
2489,20260722,31.6
2491,20260722,30.8
2492,20260722,300.0
2493,20260722,262.0
2495,20260722,39.35
2496,20260722,60.4
2497,20260722,54.4
2498,20260722,41.85
2501,20260722,22.3
2504,20260722,31.2
2505,20260722,17.7
2506,20260722,8.69
2509,20260722,13.25
2511,20260722,8.47
2514,20260722,12.7
2515,20260722,12.2
2516,20260722,13.9
2520,20260722,35.7
2524,20260722,36.6
2527,20260722,49.05
2528,20260722,22.5
2530,20260722,19.3
2534,20260722,17.15
2535,20260722,88.3
2536,20260722,18.9
2537,20260722,11.1
2538,20260722,9.87
2539,20260722,40.0
2540,20260722,53.7
2542,20260722,44.8
2543,20260722,39.0
2545,20260722,33.8
2546,20260722,96.0
2547,20260722,10.15
2548,20260722,99.4
2597,20260722,158.0
2601,20260722,6.75
2603,20260722,206.0
2605,20260722,31.45
2606,20260722,64.1
2607,20260722,47.3
2608,20260722,29.1
2609,20260722,51.4
2610,20260722,21.35
2611,20260722,14.3
2612,20260722,52.9
2613,20260722,21.15
2614,20260722,18.25
2615,20260722,85.1
2616,20260722,13.6
2617,20260722,29.25
2618,20260722,42.1
2630,20260722,53.2
2633,20260722,25.95
2634,20260722,64.4
2636,20260722,65.8
2637,20260722,83.6
2642,20260722,20.6
2645,20260722,195.0
2646,20260722,21.4
2701,20260722,10.85
2702,20260722,12.85
2704,20260722,46.2
2705,20260722,16.25
2706,20260722,12.8
2707,20260722,179.0
2712,20260722,14.6
2722,20260722,22.1
2723,20260722,63.0
2727,20260722,221.5
2731,20260722,145.0
2739,20260722,35.1
2748,20260722,39.85
2753,20260722,176.5
2762,20260722,85.2
2801,20260722,24.65
2812,20260722,20.45
2816,20260722,33.65
2820,20260722,16.55
2832,20260722,56.3
2834,20260722,18.1
2836,20260722,12.8
2836A,20260722,24.0
2838,20260722,20.25
2838A,20260722,52.0
2845,20260722,13.35
2849,20260722,14.55
2850,20260722,147.0
2851,20260722,35.7
2852,20260722,26.6
2855,20260722,44.5
2867,20260722,9.28
2880,20260722,41.25
2881,20260722,127.0
2881A,20260722,61.8
2881B,20260722,60.7
2881C,20260722,51.1
2882,20260722,96.8
2882A,20260722,60.2
2882B,20260722,58.7
2883,20260722,30.45
2883B,20260722,8.01
2884,20260722,36.05
2885,20260722,63.1
2886,20260722,48.2
2887,20260722,34.6
2887E,20260722,48.65
2887F,20260722,45.85
2887G,20260722,42.65
2887H,20260722,40.75
2887I,20260722,9.48
2887Z1,20260722,18.55
2889,20260722,15.7
2890,20260722,40.4
2891,20260722,64.0
2891B,20260722,62.8
2891C,20260722,62.0
2892,20260722,34.4
2897,20260722,10.5
2897B,20260722,11.95
2901,20260722,24.5
2903,20260722,22.1
2904,20260722,13.6
2905,20260722,15.9
2906,20260722,13.25
2908,20260722,21.5
2910,20260722,25.75
2911,20260722,7.04
2912,20260722,239.5
2913,20260722,11.4
2915,20260722,51.5
2923,20260722,32.3
2929,20260722,6.0
2939,20260722,19.0
2945,20260722,41.5
3002,20260722,18.35
3003,20260722,61.1
3004,20260722,138.0
3005,20260722,114.5
3006,20260722,217.5
3008,20260722,4000.0
3010,20260722,119.0
3011,20260722,12.15
3013,20260722,89.7
3014,20260722,133.0
3015,20260722,57.1
3016,20260722,105.0
3017,20260722,2265.0
3018,20260722,11.9
3019,20260722,139.0
3021,20260722,23.5
3022,20260722,90.9
3023,20260722,317.0
3024,20260722,13.2
3025,20260722,57.2
3026,20260722,663.0
3027,20260722,19.95
3028,20260722,67.4
3029,20260722,104.0
3030,20260722,298.5
3031,20260722,25.0
3032,20260722,78.8
3033,20260722,50.2
3034,20260722,501.0
3035,20260722,199.0
3036,20260722,197.5
3037,20260722,907.0
3038,20260722,20.8
3040,20260722,37.15
3041,20260722,24.05
3042,20260722,169.0
3043,20260722,21.2
3044,20260722,417.5
3045,20260722,112.5
3046,20260722,55.5
3047,20260722,15.25
3048,20260722,50.9
3049,20260722,11.3
3050,20260722,11.85
3051,20260722,23.2
3052,20260722,10.7
3054,20260722,55.1
3055,20260722,165.5
3056,20260722,14.85
3057,20260722,16.2
3058,20260722,8.67
3059,20260722,41.45
3060,20260722,30.15
3062,20260722,21.6
3090,20260722,183.0
3092,20260722,24.4
3094,20260722,38.15
3130,20260722,205.0
3135,20260722,153.0
3138,20260722,101.0
3149,20260722,72.8
3150,20260722,17.05
3164,20260722,16.25
3167,20260722,699.0
3168,20260722,43.3
3189,20260722,796.0
3209,20260722,57.2
3229,20260722,42.7
3231,20260722,164.0
3257,20260722,54.2
3266,20260722,13.35
3296,20260722,25.5
3305,20260722,112.0
3308,20260722,20.5
3311,20260722,34.2
3312,20260722,48.9
3321,20260722,19.1
3338,20260722,67.4
3346,20260722,21.6
3356,20260722,57.6
3376,20260722,191.5
3380,20260722,30.8
3406,20260722,529.0
3413,20260722,363.0
3416,20260722,179.5
3419,20260722,12.5
3432,20260722,17.9
3437,20260722,18.45
3443,20260722,4370.0
3447,20260722,30.2
3450,20260722,458.5
3481,20260722,52.5
3494,20260722,7.47
3501,20260722,40.15
3504,20260722,64.4
3515,20260722,209.0
3518,20260722,26.9
3528,20260722,86.3
3530,20260722,59.2
3532,20260722,468.0
3533,20260722,2010.0
3535,20260722,90.0
3543,20260722,28.9
3545,20260722,50.3
3550,20260722,22.85
3557,20260722,26.25
3563,20260722,670.0
3576,20260722,19.45
3583,20260722,767.0
3588,20260722,58.0
3591,20260722,21.25
3592,20260722,236.0
3593,20260722,14.4
3596,20260722,187.5
3605,20260722,92.8
3607,20260722,15.05
3617,20260722,208.5
3622,20260722,53.1
3645,20260722,71.2
3652,20260722,31.6
3653,20260722,3500.0
3661,20260722,3590.0
3665,20260722,2115.0
3669,20260722,36.4
3673,20260722,65.3
3679,20260722,110.0
3686,20260722,15.9
3694,20260722,64.0
3701,20260722,39.75
3702,20260722,118.0
3703,20260722,20.55
3704,20260722,47.15
3705,20260722,54.0
3706,20260722,91.2
3708,20260722,103.0
3711,20260722,656.0
3712,20260722,18.0
3714,20260722,53.8
3715,20260722,125.5
3716,20260722,34.65
3717,20260722,21.85
4104,20260722,70.9
4106,20260722,25.0
4108,20260722,11.65
4119,20260722,49.8
4133,20260722,21.65
4137,20260722,94.7
4142,20260722,17.05
4148,20260722,30.85
4155,20260722,15.85
4164,20260722,27.05
4169,20260722,275.0
4178,20260722,19.55
4190,20260722,26.2
4195,20260722,16.7
4306,20260722,14.55
4414,20260722,8.46
4426,20260722,8.2
4438,20260722,60.7
4439,20260722,101.0
4440,20260722,17.25
4441,20260722,174.0
4526,20260722,32.0
4532,20260722,24.65
4536,20260722,165.5
4540,20260722,53.4
4545,20260722,34.5
4551,20260722,182.0
4552,20260722,19.1
4555,20260722,46.4
4557,20260722,52.3
4560,20260722,31.55
4562,20260722,32.2
4564,20260722,18.7
4566,20260722,68.4
4569,20260722,159.5
4571,20260722,156.0
4572,20260722,144.0
4576,20260722,198.0
4581,20260722,50.3
4582,20260722,28.4
4583,20260722,588.0
4585,20260722,307.0
4588,20260722,52.3
4590,20260722,87.5
4720,20260722,20.4
4722,20260722,222.0
4736,20260722,130.5
4737,20260722,56.3
4739,20260722,83.0
4746,20260722,52.1
4755,20260722,122.5
4763,20260722,50.3
4764,20260722,290.5
4766,20260722,333.0
4770,20260722,227.5
4771,20260722,196.5
4807,20260722,39.95
4904,20260722,103.0
4906,20260722,36.05
4912,20260722,85.9
4915,20260722,66.3
4916,20260722,106.5
4919,20260722,143.0
4927,20260722,36.5
4930,20260722,16.5
4934,20260722,15.8
4935,20260722,35.85
4938,20260722,84.4
4942,20260722,36.7
4943,20260722,8.7
4949,20260722,68.7
4952,20260722,50.3
4956,20260722,30.4
4958,20260722,559.0
4960,20260722,22.25
4961,20260722,164.5
4967,20260722,218.5
4968,20260722,100.5
4976,20260722,32.2
4977,20260722,134.0
4989,20260722,72.5
4994,20260722,92.7
4999,20260722,19.4
5007,20260722,55.6
5203,20260722,66.3
5215,20260722,39.5
5222,20260722,117.5
5225,20260722,72.7
5234,20260722,339.0
5236,20260722,151.0
5243,20260722,90.7
5244,20260722,32.15
5258,20260722,54.3
5269,20260722,1415.0
5283,20260722,53.0
5284,20260722,293.0
5285,20260722,82.5
5288,20260722,194.0
5292,20260722,171.0
5306,20260722,92.9
5388,20260722,87.2
5434,20260722,565.0
5469,20260722,71.9
5471,20260722,57.5
5484,20260722,42.05
5515,20260722,41.9
5519,20260722,28.1
5521,20260722,10.15
5522,20260722,66.1
5525,20260722,23.2
5531,20260722,7.75
5533,20260722,14.2
5534,20260722,79.9
5538,20260722,34.6
5546,20260722,16.8
5607,20260722,50.0
5608,20260722,13.85
5706,20260722,45.85
5871,20260722,123.0
5871A,20260722,102.5
5876,20260722,45.0
5880,20260722,25.55
5906,20260722,39.5
5907,20260722,4.83
6005,20260722,34.15
6024,20260722,64.5
6108,20260722,16.6
6112,20260722,41.9
6115,20260722,45.7
6116,20260722,14.65
6117,20260722,67.6
6120,20260722,13.4
6128,20260722,20.65
6133,20260722,21.4
6136,20260722,24.35
6139,20260722,844.0
6141,20260722,42.0
6142,20260722,10.1
6152,20260722,12.25
6153,20260722,17.0
6155,20260722,60.2
6164,20260722,12.7
6165,20260722,49.7
6166,20260722,145.0
6168,20260722,25.1
6176,20260722,87.4
6177,20260722,48.3
6183,20260722,91.1
6184,20260722,42.7
6189,20260722,49.3
6191,20260722,91.0
6192,20260722,115.5
6196,20260722,548.0
6197,20260722,315.0
6201,20260722,49.0
6202,20260722,57.5
6205,20260722,62.8
6206,20260722,126.5
6209,20260722,70.0
6213,20260722,367.0
6214,20260722,141.5
6215,20260722,98.7
6216,20260722,22.05
6224,20260722,58.3
6225,20260722,25.15
6226,20260722,19.1
6230,20260722,114.5
6235,20260722,39.95
6239,20260722,294.0
6243,20260722,50.1
6257,20260722,223.5
6269,20260722,58.0
6271,20260722,203.0
6272,20260722,26.95
6277,20260722,78.4
6278,20260722,167.0
6281,20260722,51.3
6282,20260722,48.7
6283,20260722,21.05
6285,20260722,253.0
6405,20260722,41.95
6409,20260722,998.0
6412,20260722,82.2
6414,20260722,490.0
6415,20260722,483.5
6416,20260722,106.0
6426,20260722,167.0
6431,20260722,17.4
6438,20260722,151.5
6442,20260722,1385.0
6443,20260722,29.6
6446,20260722,1180.0
6449,20260722,269.5
6451,20260722,444.0
6456,20260722,68.7
6464,20260722,79.3
6472,20260722,423.0
6477,20260722,40.15
6491,20260722,338.0
6504,20260722,36.9
6505,20260722,85.1
6515,20260722,6500.0
6525,20260722,155.0
6526,20260722,591.0
6531,20260722,908.0
6533,20260722,234.5
6534,20260722,91.7
6541,20260722,40.0
6550,20260722,12.05
6552,20260722,25.95
6558,20260722,27.7
6573,20260722,21.7
6579,20260722,167.0
6581,20260722,107.0
6582,20260722,32.25
6585,20260722,127.0
6589,20260722,46.6
6591,20260722,45.0
6592,20260722,60.5
6592A,20260722,95.0
6592B,20260722,94.9
6598,20260722,27.85
6605,20260722,135.5
6606,20260722,25.7
6614,20260722,38.35
6625,20260722,75.1
6641,20260722,17.95
6645,20260722,13.35
6655,20260722,118.0
6657,20260722,35.85
6658,20260722,162.5
6666,20260722,44.55
6668,20260722,34.1
6669,20260722,5500.0
6670,20260722,262.5
6671,20260722,24.0
6672,20260722,235.0
6674,20260722,16.2
6689,20260722,62.0
6691,20260722,726.0
6695,20260722,55.9
6698,20260722,35.15
6706,20260722,116.5
6715,20260722,387.0
6719,20260722,246.5
6722,20260722,34.85
6742,20260722,44.85
6743,20260722,30.05
6753,20260722,144.5
6754,20260722,42.15
6756,20260722,95.8
6757,20260722,56.9
6768,20260722,69.8
6770,20260722,67.9
6771,20260722,38.35
6776,20260722,55.1
6781,20260722,1005.0
6782,20260722,188.5
6789,20260722,492.0
6790,20260722,38.5
6792,20260722,54.3
6794,20260722,77.9
6796,20260722,59.4
6799,20260722,84.8
6805,20260722,1395.0
6806,20260622,3.51
6807,20260722,34.2
6830,20260722,370.5
6831,20260722,635.0
6834,20260722,100.5
6835,20260722,31.75
6838,20260722,23.85
6854,20260722,101.0
6861,20260722,218.0
6862,20260722,152.5
6863,20260722,105.5
6869,20260722,68.7
6873,20260722,87.6
6885,20260722,20.85
6887,20260722,37.8
6890,20260722,171.0
6901,20260722,17.5
6902,20260722,122.0
6906,20260722,72.4
6908,20260722,35.85
6909,20260722,43.55
6914,20260722,144.5
6916,20260722,19.85
6918,20260722,72.9
6919,20260722,104.0
6921,20260722,63.4
6923,20260722,79.2
6924,20260722,106.5
6928,20260722,54.9
6931,20260722,39.25
6933,20260722,165.0
6934,20260722,78.0
6936,20260722,31.75
6937,20260722,288.0
6944,20260722,1030.0
6949,20260722,1010.0
6951,20260722,71.8
6952,20260722,35.2
6955,20260722,114.0
6957,20260722,252.5
6958,20260722,17.75
6958A,20260722,18.45
6962,20260722,33.55
6965,20260722,78.4
6969,20260722,31.9
6988,20260722,12.8
6994,20260722,41.1
72348U,20260717,0.06
72414U,20260717,2.73
72479U,20260717,0.01
72485U,20260717,0.02
72523U,20260717,0.41
72572U,20260717,0.2
72577U,20260717,0.02
72587U,20260717,0.8
72597U,20260717,0.01
72600U,20260717,0.03
72602U,20260717,0.32
72609U,20260717,0.48
72610U,20260717,0.96
72614U,20260717,0.25
72629U,20260717,0.24
72638U,20260717,0.76
72650U,20260717,0.56
72651U,20260717,0.39
72665U,20260717,0.01
72667U,20260717,1.11
72688U,20260717,0.09
72690U,20260717,0.01
72691U,20260717,0.03
72692U,20260717,0.1
72693U,20260717,0.38
72697U,20260717,0.17
72700U,20260717,0.02
72704U,20260717,2.71
72707U,20260717,0.28
72720U,20260717,0.01
72724U,20260717,0.08
72730U,20260717,0.05
72733U,20260717,0.17
72735U,20260717,0.72
72737U,20260717,2.74
72740U,20260717,1.09
72741U,20260717,1.48
72748U,20260717,1.82
72749U,20260717,1.34
72757U,20260717,0.12
72760U,20260717,0.27
72763U,20260717,0.27
72769U,20260717,0.37
72770U,20260717,0.07
72771U,20260717,0.06
72772U,20260717,0.6
72774U,20260717,0.14
72778U,20260717,0.45
72779U,20260717,1.15
72780U,20260717,0.02
72781U,20260717,1.3
72782U,20260717,0.6
72785U,20260717,0.06
72787U,20260717,0.25
72788U,20260717,0.21
72792U,20260717,1.77
72793U,20260717,0.27
72794U,20260717,1.86
72797U,20260717,1.36
72799U,20260717,0.61
72802U,20260717,0.89
72804U,20260717,0.03
72806U,20260717,1.08
72807U,20260717,2.09
72808U,20260717,1.64
72813U,20260717,0.57
72814U,20260717,1.04
72815U,20260717,2.03
72816U,20260717,2.42
72817U,20260717,1.2
72818U,20260717,0.22
72821U,20260717,0.51
72822U,20260717,0.34
72823U,20260717,0.05
72824U,20260717,0.43
72829U,20260717,0.98
72830U,20260717,0.47
72831U,20260717,0.02
72835U,20260717,0.15
72836U,20260717,0.71
72839U,20260717,0.52
72840U,20260717,0.16
72842U,20260717,1.48
72843U,20260717,0.27
72845U,20260717,0.88
72847U,20260717,0.4
72849U,20260717,0.12
72850U,20260717,0.56
72851U,20260717,0.29
72852U,20260717,0.86
72853U,20260717,1.51
72854U,20260717,0.35
72855U,20260717,1.49
72856U,20260717,0.19
72857U,20260717,1.26
72858U,20260717,0.97
72859U,20260717,0.53
72860U,20260717,1.34
72862U,20260717,0.49
72863U,20260717,0.28
72864U,20260717,0.85
72865U,20260717,0.5
72866U,20260717,0.88
72867U,20260717,0.86
72868U,20260717,1.77
72869U,20260717,1.68
72870U,20260717,0.74
72871U,20260717,1.1
72872U,20260717,0.61
72874U,20260717,1.08
72875U,20260717,0.91
72876U,20260717,0.54
72877U,20260717,1.64
72878U,20260717,2.32
72879U,20260717,0.69
72882U,20260717,0.32
72883U,20260717,0.5
72885U,20260717,0.32
72886U,20260717,1.7
72887U,20260717,0.15
72888U,20260717,0.99
72889U,20260717,0.89
72890U,20260717,0.51
72892U,20260717,3.71
72893U,20260717,0.77
72894U,20260717,1.04
72896U,20260717,0.55
72898U,20260717,0.66
72899U,20260717,1.73
72900U,20260717,1.09
72901U,20260717,1.16
72902U,20260717,0.7
72903U,20260717,1.57
72904U,20260717,2.04
72905U,20260717,1.85
72909U,20260717,0.85
72910U,20260717,0.47
72911U,20260717,1.3
72912U,20260717,2.08
72914U,20260717,1.59
72916U,20260717,0.71
72917U,20260717,1.27
72918U,20260717,1.05
72919U,20260717,1.2
72920U,20260717,2.58
72921U,20260717,1.62
72922U,20260717,0.87
72923U,20260717,4.0
72924U,20260717,1.2
72925U,20260717,1.04
72926U,20260717,1.65
72927U,20260717,1.93
72928U,20260717,1.25
72931U,20260717,3.56
72932U,20260717,2.19
72934U,20260717,1.66
72936U,20260717,2.47
72937U,20260717,1.58
72938U,20260717,1.46
72939U,20260717,1.39
72941U,20260717,1.47
72942U,20260717,1.62
72943U,20260717,1.77
72944U,20260717,1.64
72945U,20260717,2.52
72946U,20260717,1.73
72947U,20260717,0.77
72948U,20260717,2.04
72949U,20260717,2.42
72951U,20260717,2.03
72952U,20260717,1.61
72953U,20260717,1.71
72954U,20260717,1.36
72955U,20260717,1.81
72957U,20260717,1.52
72962U,20260717,1.38
7610,20260722,1835.0
7631,20260722,139.0
7705,20260722,30.4
7711,20260722,308.5
7721,20260722,63.1
7722,20260722,312.5
7730,20260722,169.0
7732,20260722,35.8
7736,20260722,70.2
7740,20260722,163.0
7749,20260722,368.0
7750,20260722,2030.0
7760,20260722,34.85
7765,20260722,227.0
7768,20260722,296.0
7769,20260722,6405.0
7780,20260722,17.3
7786,20260722,131.0
7788,20260722,239.5
7791,20260722,62.1
7795,20260722,434.0
7799,20260722,410.0
7803,20260722,21.1
7818,20260722,69.0
7821,20260722,40.5
7822,20260722,881.0
7823,20260722,83.1
7827,20260722,155.0
8011,20260722,16.45
8016,20260722,299.5
8021,20260722,418.5
8028,20260722,308.0
8033,20260722,196.5
8039,20260722,233.0
8045,20260722,62.5
8046,20260722,1305.0
8070,20260722,49.0
8072,20260722,27.4
8081,20260722,253.0
8101,20260722,13.9
8103,20260722,80.0
8104,20260722,34.3
8105,20260722,17.8
8110,20260722,44.35
8112,20260722,88.1
8112A,20260722,45.1
8114,20260722,221.0
8131,20260722,71.8
8150,20260722,100.0
8162,20260722,64.5
8163,20260722,32.85
8201,20260722,12.1
8210,20260722,1150.0
8213,20260722,32.25
8215,20260722,25.1
8222,20260722,39.9
8249,20260722,44.2
8261,20260722,254.0
8271,20260722,196.5
8341,20260722,75.7
8367,20260722,40.35
8374,20260722,79.0
8404,20260722,16.95
8411,20260722,12.95
8422,20260722,26.0
8429,20260722,6.11
8438,20260722,70.2
8442,20260722,45.1
8443,20260722,11.35
8454,20260722,248.0
8462,20260722,156.0
8463,20260722,21.3
8464,20260722,363.0
8466,20260722,17.5
8467,20260722,105.0
8473,20260722,44.5
8476,20260722,23.25
8478,20260722,152.0
8481,20260722,40.2
8482,20260722,47.85
8487,20260722,75.2
8488,20260722,10.1
8499,20260722,269.5
8926,20260722,64.7
8940,20260722,16.1
8996,20260722,1080.0
9103,20260722,5.5
910322,20260722,23.35
9105,20260722,8.68
910861,20260722,4.03
9110,20260722,3.15
911608,20260722,2.83
911622,20260722,3.71
911868,20260722,1.2
912000,20260722,2.84
9136,20260722,11.1
9802,20260722,73.9
9902,20260722,13.8
9904,20260722,24.25
9905,20260722,20.6
9906,20260722,40.15
9907,20260722,15.15
9908,20260722,29.0
9910,20260722,68.3
9911,20260722,82.4
9912,20260722,12.45
9914,20260722,79.3
9917,20260722,107.5
9918,20260722,43.5
9919,20260722,14.5
9921,20260722,84.6
9924,20260722,39.7
9925,20260722,41.2
9926,20260722,49.05
9927,20260722,69.4
9928,20260722,18.05
9929,20260722,11.6
9930,20260722,62.8
9931,20260722,33.6
9933,20260722,40.15
9934,20260722,10.9
9935,20260722,19.35
9937,20260722,55.1
9938,20260722,47.1
9939,20260722,132.0
9940,20260722,20.15
9941,20260722,82.0
9941A,20260722,50.8
9942,20260722,123.5
9943,20260722,52.8
9944,20260722,18.25
9945,20260722,26.4
9946,20260722,18.25
9955,20260722,24.5
9958,20260722,115.5
